{
	"credit": "Made with Blockbench",
	"texture_size": [32, 32],
	"textures": {
		"0": "hats:item/astronaut_helmet",
		"particle": "hats:item/astronaut_helmet"
	},
	"elements": [
		{
			"from": [4, 0, 4],
			"to": [12, 8, 12],
			"rotation": {"angle": 0, "axis": "y", "origin": [4, 0, 4]},
			"faces": {
				"north": {"uv": [0, 0, 4, 4], "texture": "#0"},
				"east": {"uv": [0, 4, 4, 8], "texture": "#0"},
				"south": {"uv": [4, 0, 8, 4], "texture": "#0"},
				"west": {"uv": [4, 4, 8, 8], "texture": "#0"},
				"up": {"uv": [4, 12, 0, 8], "texture": "#0"},
				"down": {"uv": [12, 0, 8, 4], "texture": "#0"}
			}
		},
		{
			"from": [3, 3, 6],
			"to": [4, 6, 9],
			"rotation": {"angle": 0, "axis": "y", "origin": [3, 3, 6]},
			"faces": {
				"north": {"uv": [11, 4, 11.5, 5.5], "texture": "#0"},
				"east": {"uv": [9, 9, 10.5, 10.5], "texture": "#0"},
				"south": {"uv": [11, 6.5, 11.5, 8], "texture": "#0"},
				"west": {"uv": [9.5, 7, 11, 8.5], "texture": "#0"},
				"up": {"uv": [11.5, 10.5, 11, 9], "texture": "#0"},
				"down": {"uv": [11, 11, 10.5, 12.5], "texture": "#0"}
			}
		},
		{
			"from": [12, 3, 6],
			"to": [13, 6, 9],
			"rotation": {"angle": 0, "axis": "y", "origin": [12, 3, 6]},
			"faces": {
				"north": {"uv": [11, 10.5, 11.5, 12], "texture": "#0"},
				"east": {"uv": [4, 10, 5.5, 11.5], "texture": "#0"},
				"south": {"uv": [4, 11.5, 4.5, 13], "texture": "#0"},
				"west": {"uv": [5.5, 10, 7, 11.5], "texture": "#0"},
				"up": {"uv": [12, 5.5, 11.5, 4], "texture": "#0"},
				"down": {"uv": [5, 11.5, 4.5, 13], "texture": "#0"}
			}
		},
		{
			"from": [11, 7, 3.5],
			"to": [13, 9, 8.5],
			"rotation": {"angle": 0, "axis": "y", "origin": [11, 7, 3]},
			"faces": {
				"north": {"uv": [8, 7, 9, 8], "texture": "#0"},
				"east": {"uv": [8, 6, 10.5, 7], "texture": "#0"},
				"south": {"uv": [9, 10.5, 10, 11.5], "texture": "#0"},
				"west": {"uv": [7, 8, 9.5, 9], "texture": "#0"},
				"up": {"uv": [8, 11.5, 7, 9], "texture": "#0"},
				"down": {"uv": [9, 9, 8, 11.5], "texture": "#0"}
			}
		},
		{
			"from": [4, 1.5, 3],
			"to": [7, 2.5, 4],
			"rotation": {"angle": 0, "axis": "y", "origin": [4, 1, 3]},
			"faces": {
				"north": {"uv": [11, 5.5, 12.5, 6], "texture": "#0"},
				"east": {"uv": [9, 7, 9.5, 7.5], "texture": "#0"},
				"south": {"uv": [11, 8, 12.5, 8.5], "texture": "#0"},
				"west": {"uv": [9, 7.5, 9.5, 8], "texture": "#0"},
				"up": {"uv": [6.5, 12, 5, 11.5], "texture": "#0"},
				"down": {"uv": [8, 11.5, 6.5, 12], "texture": "#0"}
			}
		},
		{
			"from": [5, 3, 3],
			"to": [11, 7, 4],
			"rotation": {"angle": 0, "axis": "y", "origin": [5, 4, 3]},
			"faces": {
				"north": {"uv": [4, 8, 7, 10], "texture": "#0"},
				"east": {"uv": [10.5, 9, 11, 11], "texture": "#0"},
				"south": {"uv": [8, 4, 11, 6], "texture": "#0"},
				"west": {"uv": [10, 10.5, 10.5, 12.5], "texture": "#0"},
				"up": {"uv": [12.5, 9, 9.5, 8.5], "texture": "#0"},
				"down": {"uv": [13.5, 6, 10.5, 6.5], "texture": "#0"}
			}
		},
		{
			"from": [3, 6, 9.5],
			"to": [4, 12, 10.5],
			"rotation": {"angle": 0, "axis": "y", "origin": [3, 6, 10]},
			"faces": {
				"north": {"uv": [12, 0, 12.5, 3], "texture": "#0"},
				"east": {"uv": [13.5, 0, 14, 3], "texture": "#0"},
				"south": {"uv": [13, 0, 13.5, 3], "texture": "#0"},
				"west": {"uv": [12.5, 0, 13, 3], "texture": "#0"},
				"up": {"uv": [14.5, 0.5, 15, 1], "texture": "#0"},
				"down": {"uv": [14.5, 0, 15, 0.5], "texture": "#0"}
			}
		}
	],
	"display": {
		"thirdperson_righthand": {
			"rotation": [90, 0, 0],
			"translation": [1, -0.25, 2.5],
			"scale": [0.5, 0.5, 0.5]
		},
		"thirdperson_lefthand": {
			"rotation": [90, 0, 0],
			"translation": [1, -0.25, 2.5],
			"scale": [0.5, 0.5, 0.5]
		},
		"firstperson_righthand": {
			"rotation": [0, 180, 0],
			"translation": [5, 4.25, -2.75],
			"scale": [0.75, 0.75, 0.75]
		},
		"firstperson_lefthand": {
			"rotation": [0, 180, 0],
			"translation": [5, 4.25, -2.75],
			"scale": [0.75, 0.75, 0.75]
		},
		"ground": {
			"translation": [0, 2.75, 0],
			"scale": [0.5, 0.5, 0.5]
		},
		"gui": {
			"rotation": [14, -166.75, 0],
			"translation": [0, 2.25, 0],
			"scale": [0.75, 0.75, 0.75]
		},
		"head": {
			"translation": [0, 7.25, 0],
			"scale": [1.85, 1.85, 1.85]
		},
		"fixed": {
			"translation": [0, 6, 0]
		}
	}
}