{
	"credit": "Made with Blockbench",
	"texture_size": [16, 8],
	"textures": {
		"0": "hats:item/bird_hat",
		"particle": "hats:item/bird_hat"
	},
	"elements": [
		{
			"from": [7, 3, 5],
			"to": [9, 5, 7],
			"rotation": {"angle": 0, "axis": "y", "origin": [7, 3, 5]},
			"faces": {
				"north": {"uv": [10, 0, 12, 4], "texture": "#0"},
				"east": {"uv": [14, 4, 16, 8], "texture": "#0"},
				"south": {"uv": [10, 4, 12, 8], "texture": "#0"},
				"west": {"uv": [14, 0, 16, 4], "texture": "#0"},
				"up": {"uv": [12, 0, 14, 4], "texture": "#0"},
				"down": {"uv": [12, 4, 14, 8], "texture": "#0"}
			}
		},
		{
			"from": [6.999, 1.499, 5.999],
			"to": [9.001, 3.501, 10.001],
			"rotation": {"angle": 0, "axis": "y", "origin": [7, 1, 6]},
			"faces": {
				"north": {"uv": [8, 0, 10, 4], "texture": "#0"},
				"east": {"uv": [4, 4, 8, 8], "texture": "#0"},
				"south": {"uv": [8, 4, 10, 8], "texture": "#0"},
				"west": {"uv": [4, 0, 8, 4], "texture": "#0"},
				"up": {"uv": [0, 0, 4, 4], "rotation": 90, "texture": "#0"},
				"down": {"uv": [0, 4, 4, 8], "rotation": 90, "texture": "#0"}
			}
		},
		{
			"from": [6, 2.5, 6.5],
			"to": [7, 3.5, 9.5],
			"rotation": {"angle": 0, "axis": "y", "origin": [6, 2, 7]},
			"faces": {
				"north": {"uv": [0, 14, 1, 16], "texture": "#0"},
				"east": {"uv": [0, 0, 3, 1], "texture": "#0"},
				"south": {"uv": [1, 14, 2, 16], "texture": "#0"},
				"west": {"uv": [2, 8, 3, 14], "rotation": 90, "texture": "#0"},
				"up": {"uv": [0, 8, 1, 14], "texture": "#0"},
				"down": {"uv": [1, 8, 2, 14], "texture": "#0"}
			}
		},
		{
			"from": [9, 2.5, 6.5],
			"to": [10, 3.5, 9.5],
			"rotation": {"angle": 0, "axis": "y", "origin": [9, 2, 7]},
			"faces": {
				"north": {"uv": [0, 14, 1, 16], "texture": "#0"},
				"east": {"uv": [2, 14, 3, 8], "rotation": 90, "texture": "#0"},
				"south": {"uv": [1, 14, 2, 16], "texture": "#0"},
				"west": {"uv": [0, 0, 3, 1], "texture": "#0"},
				"up": {"uv": [0, 8, 1, 14], "texture": "#0"},
				"down": {"uv": [1, 8, 2, 14], "texture": "#0"}
			}
		},
		{
			"from": [7.5, 3.25, 4.75],
			"to": [8.5, 4.25, 5.75],
			"rotation": {"angle": 45, "axis": "x", "origin": [8, 3.75, 5.25]},
			"faces": {
				"north": {"uv": [6, 0, 7, 1], "texture": "#0"},
				"east": {"uv": [6, 0, 7, 1], "texture": "#0"},
				"south": {"uv": [0, 0, 1, 1], "texture": "#0"},
				"west": {"uv": [6, 0, 7, 1], "texture": "#0"},
				"up": {"uv": [0, 0, 1, 1], "texture": "#0"},
				"down": {"uv": [6, 0, 7, 1], "texture": "#0"}
			}
		},
		{
			"from": [7.5, 3.5, 10],
			"to": [8.5, 3.5, 12],
			"rotation": {"angle": -22.5, "axis": "x", "origin": [8, 3.5, 10]},
			"faces": {
				"north": {"uv": [0, 0, 1, 0], "texture": "#0"},
				"east": {"uv": [0, 0, 2, 0], "texture": "#0"},
				"south": {"uv": [0, 0, 1, 0], "texture": "#0"},
				"west": {"uv": [0, 0, 2, 0], "texture": "#0"},
				"up": {"uv": [3, 8, 5, 10], "rotation": 90, "texture": "#0"},
				"down": {"uv": [3, 10, 5, 12], "rotation": 90, "texture": "#0"}
			}
		},
		{
			"from": [7, 0, 6.5],
			"to": [9, 0, 8.5],
			"rotation": {"angle": 0, "axis": "y", "origin": [7, 0, 6]},
			"faces": {
				"north": {"uv": [0, 0, 2, 0], "texture": "#0"},
				"east": {"uv": [0, 0, 2, 0], "texture": "#0"},
				"south": {"uv": [0, 0, 2, 0], "texture": "#0"},
				"west": {"uv": [0, 0, 2, 0], "texture": "#0"},
				"up": {"uv": [11, 8, 13, 12], "texture": "#0"},
				"down": {"uv": [13, 8, 15, 12], "texture": "#0"}
			}
		},
		{
			"from": [7, 0, 7.5],
			"to": [9, 2, 7.5],
			"rotation": {"angle": 22.5, "axis": "x", "origin": [7, 0, 7.5]},
			"faces": {
				"north": {"uv": [9, 8, 11, 12], "rotation": 180, "texture": "#0"},
				"east": {"uv": [0, 0, 2, 0], "rotation": 90, "texture": "#0"},
				"south": {"uv": [7, 8, 9, 12], "texture": "#0"},
				"west": {"uv": [0, 0, 2, 0], "rotation": 270, "texture": "#0"},
				"up": {"uv": [0, 0, 2, 0], "texture": "#0"},
				"down": {"uv": [0, 0, 2, 0], "rotation": 180, "texture": "#0"}
			}
		}
	],
	"display": {
		"thirdperson_righthand": {
			"rotation": [90, 0, 0],
			"translation": [1, -0.25, 2.5],
			"scale": [0.5, 0.5, 0.5]
		},
		"thirdperson_lefthand": {
			"rotation": [90, 0, 0],
			"translation": [1, -0.25, 2.5],
			"scale": [0.5, 0.5, 0.5]
		},
		"firstperson_righthand": {
			"rotation": [0, 180, 0],
			"translation": [5, 4.25, -2.75],
			"scale": [0.75, 0.75, 0.75]
		},
		"firstperson_lefthand": {
			"rotation": [0, 180, 0],
			"translation": [5, 4.25, -2.75],
			"scale": [0.75, 0.75, 0.75]
		},
		"ground": {
			"translation": [0, 2.75, 0],
			"scale": [0.5, 0.5, 0.5]
		},
		"gui": {
			"rotation": [14, -166.75, 0],
			"translation": [0, 5.25, 0],
			"scale": [0.75, 0.75, 0.75]
		},
		"head": {
			"rotation": [0, 14, 0],
			"translation": [2.5, 22, -1],
			"scale": [1.85, 1.85, 1.85]
		},
		"fixed": {
			"rotation": [-90, 0, 0],
			"translation": [0, 1, -8.01]
		}
	}
}