{
	"credit": "Made with Blockbench",
	"textures": {
		"0": "hats:item/bowler_hat",
		"particle": "hats:item/bowler_hat"
	},
	"elements": [
		{
			"from": [5.5, 0, 5.5],
			"to": [10.5, 1, 10.5],
			"rotation": {"angle": 0, "axis": "y", "origin": [6, 0, 6]},
			"faces": {
				"north": {"uv": [5, 8, 10, 9], "texture": "#0"},
				"east": {"uv": [8, 6, 13, 7], "texture": "#0"},
				"south": {"uv": [8, 7, 13, 8], "texture": "#0"},
				"west": {"uv": [5, 9, 10, 10], "texture": "#0"},
				"up": {"uv": [5, 5, 0, 0], "texture": "#0"},
				"down": {"uv": [5, 5, 0, 10], "texture": "#0"}
			}
		},
		{
			"from": [6.5, 1, 6.5],
			"to": [9.5, 3, 9.5],
			"rotation": {"angle": 0, "axis": "y", "origin": [6, 1, 6]},
			"faces": {
				"north": {"uv": [5, 6, 8, 8], "texture": "#0"},
				"east": {"uv": [8, 0, 11, 2], "texture": "#0"},
				"south": {"uv": [8, 2, 11, 4], "texture": "#0"},
				"west": {"uv": [8, 4, 11, 6], "texture": "#0"},
				"up": {"uv": [8, 3, 5, 0], "texture": "#0"},
				"down": {"uv": [8, 3, 5, 6], "texture": "#0"}
			}
		}
	],
	"display": {
		"thirdperson_righthand": {
			"rotation": [90, 0, 0],
			"translation": [1, -0.25, 2.5],
			"scale": [0.5, 0.5, 0.5]
		},
		"thirdperson_lefthand": {
			"rotation": [90, 0, 0],
			"translation": [1, -0.25, 2.5],
			"scale": [0.5, 0.5, 0.5]
		},
		"firstperson_righthand": {
			"rotation": [0, 180, 0],
			"translation": [5, 4.25, -2.75],
			"scale": [0.75, 0.75, 0.75]
		},
		"firstperson_lefthand": {
			"rotation": [0, 180, 0],
			"translation": [5, 4.25, -2.75],
			"scale": [0.75, 0.75, 0.75]
		},
		"ground": {
			"translation": [0, 2.75, 0],
			"scale": [0.5, 0.5, 0.5]
		},
		"gui": {
			"rotation": [14, -166.75, 0],
			"translation": [0, 5.25, 0],
			"scale": [0.75, 0.75, 0.75]
		},
		"head": {
			"rotation": [0, 0, 4.5],
			"translation": [-4.75, 22, 0],
			"scale": [1.85, 1.85, 1.85]
		},
		"fixed": {
			"translation": [0, 6, 0]
		}
	}
}