{
	"credit": "Made with Blockbench",
	"texture_size": [32, 32],
	"textures": {
		"0": "hats:item/bucket_helmet",
		"particle": "hats:item/bucket_helmet"
	},
	"elements": [
		{
			"from": [4, 3, 4],
			"to": [12, 12, 12],
			"rotation": {"angle": 0, "axis": "y", "origin": [4, 3, 4]},
			"faces": {
				"north": {"uv": [0, 0, 4, 4.5], "texture": "#0"},
				"east": {"uv": [4, 0, 8, 4.5], "texture": "#0"},
				"south": {"uv": [0, 4.5, 4, 9], "texture": "#0"},
				"west": {"uv": [4, 4.5, 8, 9], "texture": "#0"},
				"up": {"uv": [12, 4, 8, 0], "texture": "#0"},
				"down": {"uv": [12, 4, 8, 8], "texture": "#0"}
			}
		},
		{
			"from": [4, 4, 1],
			"to": [12, 5, 2],
			"rotation": {"angle": -45, "axis": "x", "origin": [8, 5, 8]},
			"faces": {
				"north": {"uv": [8, 8, 12, 8.5], "texture": "#0"},
				"east": {"uv": [3, 10, 3.5, 10.5], "texture": "#0"},
				"south": {"uv": [8, 8.5, 12, 9], "texture": "#0"},
				"west": {"uv": [4.5, 10, 5, 10.5], "texture": "#0"},
				"up": {"uv": [4, 9.5, 0, 9], "texture": "#0"},
				"down": {"uv": [8, 9, 4, 9.5], "texture": "#0"}
			}
		},
		{
			"from": [12, 4, 1],
			"to": [13, 5, 8],
			"rotation": {"angle": -45, "axis": "x", "origin": [8, 5, 8]},
			"faces": {
				"north": {"uv": [2, 10, 2.5, 10.5], "texture": "#0"},
				"east": {"uv": [4.5, 9.5, 8, 10], "texture": "#0"},
				"south": {"uv": [2.5, 10, 3, 10.5], "texture": "#0"},
				"west": {"uv": [8, 9.5, 11.5, 10], "texture": "#0"},
				"up": {"uv": [0.5, 13.5, 0, 10], "texture": "#0"},
				"down": {"uv": [1, 10, 0.5, 13.5], "texture": "#0"}
			}
		},
		{
			"from": [3, 4, 1],
			"to": [4, 5, 8],
			"rotation": {"angle": -45, "axis": "x", "origin": [8, 5, 8]},
			"faces": {
				"north": {"uv": [1, 10, 1.5, 10.5], "texture": "#0"},
				"east": {"uv": [8, 9, 11.5, 9.5], "texture": "#0"},
				"south": {"uv": [1.5, 10, 2, 10.5], "texture": "#0"},
				"west": {"uv": [0, 9.5, 3.5, 10], "texture": "#0"},
				"up": {"uv": [4, 13, 3.5, 9.5], "texture": "#0"},
				"down": {"uv": [4.5, 9.5, 4, 13], "texture": "#0"}
			}
		}
	],
	"display": {
		"thirdperson_righthand": {
			"rotation": [90, 0, 0],
			"translation": [1, -0.25, 2.5],
			"scale": [0.5, 0.5, 0.5]
		},
		"thirdperson_lefthand": {
			"rotation": [90, 0, 0],
			"translation": [1, -0.25, 2.5],
			"scale": [0.5, 0.5, 0.5]
		},
		"firstperson_righthand": {
			"rotation": [0, 180, 0],
			"translation": [5, 4.25, -2.75],
			"scale": [0.75, 0.75, 0.75]
		},
		"firstperson_lefthand": {
			"rotation": [0, 180, 0],
			"translation": [5, 4.25, -2.75],
			"scale": [0.75, 0.75, 0.75]
		},
		"ground": {
			"translation": [0, 2.75, 0],
			"scale": [0.5, 0.5, 0.5]
		},
		"gui": {
			"rotation": [14, -166.75, 0],
			"translation": [0, 5.25, 0],
			"scale": [0.75, 0.75, 0.75]
		},
		"head": {
			"rotation": [2.5, 0, 6.75],
			"translation": [-1, 12.25, 0.25],
			"scale": [1.95, 1.95, 1.95]
		},
		"fixed": {
			"translation": [0, 6, 0]
		}
	},
	"groups": [
		0,
		{
			"name": "group",
			"origin": [8, 8, 8],
			"color": 0,
			"children": [1, 2, 3]
		}
	]
}