{
	"credit": "Made with Blockbench",
	"texture_size": [64, 32],
	"textures": {
		"0": "hats:item/cat_hat",
		"particle": "hats:item/cat_hat"
	},
	"elements": [
		{
			"name": "head",
			"from": [5.5, 7.5, -3],
			"to": [10.5, 11.5, 2],
			"rotation": {"angle": 0, "axis": "y", "origin": [8, 1, 9]},
			"faces": {
				"north": {"uv": [1.25, 2.5, 2.5, 4.5], "texture": "#0"},
				"east": {"uv": [0, 2.5, 1.25, 4.5], "texture": "#0"},
				"south": {"uv": [3.75, 2.5, 5, 4.5], "texture": "#0"},
				"west": {"uv": [2.5, 2.5, 3.75, 4.5], "texture": "#0"},
				"up": {"uv": [2.5, 2.5, 1.25, 0], "texture": "#0"},
				"down": {"uv": [3.75, 0, 2.5, 2.5], "texture": "#0"}
			}
		},
		{
			"name": "head",
			"from": [6.5, 7.52, -4],
			"to": [9.5, 9.52, -2],
			"rotation": {"angle": 0, "axis": "y", "origin": [8, 1, 9]},
			"faces": {
				"north": {"uv": [0.5, 13, 1.25, 14], "texture": "#0"},
				"east": {"uv": [0, 13, 0.5, 14], "texture": "#0"},
				"south": {"uv": [1.75, 13, 2.5, 14], "texture": "#0"},
				"west": {"uv": [1.25, 13, 1.75, 14], "texture": "#0"},
				"up": {"uv": [1.25, 13, 0.5, 12], "texture": "#0"},
				"down": {"uv": [2, 12, 1.25, 13], "texture": "#0"}
			}
		},
		{
			"name": "head",
			"from": [9, 11.5, 0],
			"to": [10, 12.5, 2],
			"rotation": {"angle": 0, "axis": "y", "origin": [8, 1, 9]},
			"faces": {
				"north": {"uv": [0.5, 6, 0.75, 6.5], "texture": "#0"},
				"east": {"uv": [0, 6, 0.5, 6.5], "texture": "#0"},
				"south": {"uv": [1.25, 6, 1.5, 6.5], "texture": "#0"},
				"west": {"uv": [0.75, 6, 1.25, 6.5], "texture": "#0"},
				"up": {"uv": [0.75, 6, 0.5, 5], "texture": "#0"},
				"down": {"uv": [1, 5, 0.75, 6], "texture": "#0"}
			}
		},
		{
			"name": "head",
			"from": [6, 11.5, 0],
			"to": [7, 12.5, 2],
			"rotation": {"angle": 0, "axis": "y", "origin": [8, 1, 9]},
			"faces": {
				"north": {"uv": [2, 6, 2.25, 6.5], "texture": "#0"},
				"east": {"uv": [1.5, 6, 2, 6.5], "texture": "#0"},
				"south": {"uv": [2.75, 6, 3, 6.5], "texture": "#0"},
				"west": {"uv": [2.25, 6, 2.75, 6.5], "texture": "#0"},
				"up": {"uv": [2.25, 6, 2, 5], "texture": "#0"},
				"down": {"uv": [2.5, 5, 2.25, 6], "texture": "#0"}
			}
		},
		{
			"name": "front_left_leg",
			"from": [5.9, -0.1, -1],
			"to": [7.9, 9.9, 1],
			"rotation": {"angle": 22.5, "axis": "x", "origin": [7, 0, -1]},
			"faces": {
				"north": {"uv": [10.5, 1, 11, 6], "texture": "#0"},
				"east": {"uv": [10, 1, 10.5, 6], "texture": "#0"},
				"south": {"uv": [11.5, 1, 12, 6], "texture": "#0"},
				"west": {"uv": [11, 1, 11.5, 6], "texture": "#0"},
				"up": {"uv": [11, 1, 10.5, 0], "texture": "#0"},
				"down": {"uv": [11.5, 0, 11, 1], "texture": "#0"}
			}
		},
		{
			"name": "front_right_leg",
			"from": [8.1, -0.1, -1],
			"to": [10.1, 9.9, 1],
			"rotation": {"angle": 22.5, "axis": "x", "origin": [9, 0, -1]},
			"faces": {
				"north": {"uv": [10.5, 1, 11, 6], "texture": "#0"},
				"east": {"uv": [10, 1, 10.5, 6], "texture": "#0"},
				"south": {"uv": [11.5, 1, 12, 6], "texture": "#0"},
				"west": {"uv": [11, 1, 11.5, 6], "texture": "#0"},
				"up": {"uv": [11, 1, 10.5, 0], "texture": "#0"},
				"down": {"uv": [11.5, 0, 11, 1], "texture": "#0"}
			}
		},
		{
			"from": [6, -1, -2],
			"to": [10, 5, 14],
			"rotation": {"angle": 22.5, "axis": "x", "origin": [14, -2, 12]},
			"faces": {
				"north": {"uv": [6.5, 0, 7.5, 3], "texture": "#0"},
				"east": {"uv": [5, 3, 6.5, 11], "rotation": 90, "texture": "#0"},
				"south": {"uv": [7.5, 0, 8.5, 3], "texture": "#0"},
				"west": {"uv": [9, 3, 7.5, 11], "rotation": 90, "texture": "#0"},
				"up": {"uv": [9, 3, 10, 11], "texture": "#0"},
				"down": {"uv": [6.5, 3, 7.5, 11], "texture": "#0"}
			}
		},
		{
			"from": [7.5, 0.38268, 13.57612],
			"to": [8.5, 1.38268, 21.57612],
			"rotation": {"angle": -22.5, "axis": "x", "origin": [8, 1, 14]},
			"faces": {
				"north": {"uv": [0.25, 7.5, 0.5, 8], "texture": "#0"},
				"east": {"uv": [0.75, 8, 1, 12], "rotation": 90, "texture": "#0"},
				"south": {"uv": [0.5, 7.5, 0.75, 8], "texture": "#0"},
				"west": {"uv": [0.5, 8, 0.75, 12], "rotation": 90, "texture": "#0"},
				"up": {"uv": [0.25, 8, 0.5, 12], "texture": "#0"},
				"down": {"uv": [0, 8, 0.25, 12], "texture": "#0"}
			}
		},
		{
			"from": [7.5, 4, 20],
			"to": [8.5, 12, 21],
			"rotation": {"angle": 22.5, "axis": "x", "origin": [8, 3, 20]},
			"faces": {
				"north": {"uv": [1.75, 12, 2, 8], "texture": "#0"},
				"east": {"uv": [1.5, 12, 1.75, 8], "texture": "#0"},
				"south": {"uv": [1, 12, 1.25, 8], "texture": "#0"},
				"west": {"uv": [1.25, 12, 1.5, 8], "texture": "#0"},
				"up": {"uv": [1.5, 7.5, 1.75, 8], "texture": "#0"},
				"down": {"uv": [1.25, 7.5, 1.5, 8], "texture": "#0"}
			}
		},
		{
			"from": [6.1, 0, 6],
			"to": [8.1, 2, 12],
			"rotation": {"angle": 0, "axis": "y", "origin": [7, 0, 22]},
			"faces": {
				"north": {"uv": [3, 6.5, 3.5, 7.5], "texture": "#0"},
				"east": {"uv": [3.5, 10.5, 4, 7.5], "rotation": 90, "texture": "#0"},
				"south": {"uv": [2.5, 6.5, 3, 7.5], "texture": "#0"},
				"west": {"uv": [3, 7.5, 3.5, 10.5], "rotation": 90, "texture": "#0"},
				"up": {"uv": [2, 10.5, 2.5, 7.5], "texture": "#0"},
				"down": {"uv": [2.5, 7.5, 3, 10.5], "texture": "#0"}
			}
		},
		{
			"from": [7.9, 0, 6],
			"to": [9.9, 2, 12],
			"rotation": {"angle": 0, "axis": "y", "origin": [9, 0, 12]},
			"faces": {
				"north": {"uv": [3, 6.5, 3.5, 7.5], "texture": "#0"},
				"east": {"uv": [3.5, 10.5, 4, 7.5], "rotation": 90, "texture": "#0"},
				"south": {"uv": [2.5, 6.5, 3, 7.5], "texture": "#0"},
				"west": {"uv": [3, 7.5, 3.5, 10.5], "rotation": 90, "texture": "#0"},
				"up": {"uv": [2, 10.5, 2.5, 7.5], "texture": "#0"},
				"down": {"uv": [2.5, 7.5, 3, 10.5], "texture": "#0"}
			}
		}
	],
	"display": {
		"thirdperson_righthand": {
			"rotation": [90, 0, 0],
			"translation": [1, -0.25, 2.5],
			"scale": [0.5, 0.5, 0.5]
		},
		"thirdperson_lefthand": {
			"rotation": [90, 0, 0],
			"translation": [1, -0.25, 2.5],
			"scale": [0.5, 0.5, 0.5]
		},
		"firstperson_righthand": {
			"translation": [5, 4.25, -2.75],
			"scale": [0.75, 0.75, 0.75]
		},
		"firstperson_lefthand": {
			"translation": [5, 4.25, -2.75],
			"scale": [0.75, 0.75, 0.75]
		},
		"ground": {
			"translation": [0, 2.75, 0],
			"scale": [0.5, 0.5, 0.5]
		},
		"gui": {
			"rotation": [14, -135, 0],
			"translation": [0, 3.25, 0],
			"scale": [0.75, 0.75, 0.75]
		},
		"head": {
			"rotation": [0, -26.25, 0],
			"translation": [-0.5, 15, 1]
		},
		"fixed": {
			"translation": [0, 6, 0]
		}
	}
}