{
	"credit": "Made with Blockbench",
	"texture_size": [32, 32],
	"textures": {
		"0": "hats:item/cone_hat",
		"particle": "hats:item/cone_hat"
	},
	"elements": [
		{
			"from": [4, 0, 4],
			"to": [12, 1, 12],
			"rotation": {"angle": 0, "axis": "y", "origin": [4, 0, 4]},
			"faces": {
				"north": {"uv": [8, 6, 12, 6.5], "texture": "#0"},
				"east": {"uv": [8, 6.5, 12, 7], "texture": "#0"},
				"south": {"uv": [5, 8.5, 9, 9], "texture": "#0"},
				"west": {"uv": [9, 0, 13, 0.5], "texture": "#0"},
				"up": {"uv": [4, 4, 0, 0], "texture": "#0"},
				"down": {"uv": [4, 4, 0, 8], "texture": "#0"}
			}
		},
		{
			"from": [5.5, 1, 4.5],
			"to": [10.5, 4, 5.5],
			"rotation": {"angle": 22.5, "axis": "x", "origin": [8, 1, 4]},
			"faces": {
				"north": {"uv": [6.5, 0, 9, 1.5], "texture": "#0"},
				"east": {"uv": [7, 10.5, 7.5, 12], "texture": "#0"},
				"south": {"uv": [6.5, 1.5, 9, 3], "texture": "#0"},
				"west": {"uv": [7.5, 10.5, 8, 12], "texture": "#0"},
				"up": {"uv": [11.5, 1, 9, 0.5], "texture": "#0"},
				"down": {"uv": [11.5, 1, 9, 1.5], "texture": "#0"}
			}
		},
		{
			"from": [5.5, 1, 10.5],
			"to": [10.5, 4, 11.5],
			"rotation": {"angle": -22.5, "axis": "x", "origin": [8, 1, 12]},
			"faces": {
				"north": {"uv": [6.5, 3, 9, 4.5], "texture": "#0"},
				"east": {"uv": [8, 10.5, 8.5, 12], "texture": "#0"},
				"south": {"uv": [4, 7, 6.5, 8.5], "texture": "#0"},
				"west": {"uv": [8.5, 10.5, 9, 12], "texture": "#0"},
				"up": {"uv": [11.5, 2, 9, 1.5], "texture": "#0"},
				"down": {"uv": [11.5, 2, 9, 2.5], "texture": "#0"}
			}
		},
		{
			"from": [4.5, 1, 5.5],
			"to": [5.5, 4, 10.5],
			"rotation": {"angle": -22.5, "axis": "z", "origin": [4, 1, 8]},
			"faces": {
				"north": {"uv": [10, 10.5, 10.5, 12], "texture": "#0"},
				"east": {"uv": [8, 4.5, 10.5, 6], "texture": "#0"},
				"south": {"uv": [10.5, 10.5, 11, 12], "texture": "#0"},
				"west": {"uv": [2.5, 8.5, 5, 10], "texture": "#0"},
				"up": {"uv": [6.5, 11.5, 6, 9], "texture": "#0"},
				"down": {"uv": [7, 9, 6.5, 11.5], "texture": "#0"}
			}
		},
		{
			"from": [10.5, 1, 5.5],
			"to": [11.5, 4, 10.5],
			"rotation": {"angle": 22.5, "axis": "z", "origin": [12, 1, 8]},
			"faces": {
				"north": {"uv": [9, 10.5, 9.5, 12], "texture": "#0"},
				"east": {"uv": [6.5, 7, 9, 8.5], "texture": "#0"},
				"south": {"uv": [9.5, 10.5, 10, 12], "texture": "#0"},
				"west": {"uv": [0, 8, 2.5, 9.5], "texture": "#0"},
				"up": {"uv": [5.5, 11.5, 5, 9], "texture": "#0"},
				"down": {"uv": [6, 9, 5.5, 11.5], "texture": "#0"}
			}
		},
		{
			"from": [5.5, 3.5, 5.5],
			"to": [10.5, 4.5, 10.5],
			"rotation": {"angle": 0, "axis": "y", "origin": [5, 4, 5]},
			"faces": {
				"north": {"uv": [9, 2.5, 11.5, 3], "texture": "#0"},
				"east": {"uv": [9, 3, 11.5, 3.5], "texture": "#0"},
				"south": {"uv": [9, 3.5, 11.5, 4], "texture": "#0"},
				"west": {"uv": [9, 4, 11.5, 4.5], "texture": "#0"},
				"up": {"uv": [6.5, 2.5, 4, 0], "texture": "#0"},
				"down": {"uv": [6.5, 2.5, 4, 5], "texture": "#0"}
			}
		},
		{
			"from": [6, 4.5, 6],
			"to": [10, 5.5, 10],
			"rotation": {"angle": 0, "axis": "y", "origin": [7, 4, 7]},
			"faces": {
				"north": {"uv": [7, 9, 9, 9.5], "texture": "#0"},
				"east": {"uv": [9, 7, 11, 7.5], "texture": "#0"},
				"south": {"uv": [9, 7.5, 11, 8], "texture": "#0"},
				"west": {"uv": [9, 8, 11, 8.5], "texture": "#0"},
				"up": {"uv": [6, 7, 4, 5], "texture": "#0"},
				"down": {"uv": [8, 5, 6, 7], "texture": "#0"}
			}
		},
		{
			"from": [6, 5.5, 7],
			"to": [7, 7.5, 9],
			"rotation": {"angle": -22.5, "axis": "z", "origin": [6, 5, 8]},
			"faces": {
				"north": {"uv": [2, 11, 2.5, 12], "texture": "#0"},
				"east": {"uv": [9, 8.5, 10, 9.5], "texture": "#0"},
				"south": {"uv": [2.5, 11, 3, 12], "texture": "#0"},
				"west": {"uv": [0, 9.5, 1, 10.5], "texture": "#0"},
				"up": {"uv": [3.5, 12, 3, 11], "texture": "#0"},
				"down": {"uv": [4, 11, 3.5, 12], "texture": "#0"}
			}
		},
		{
			"from": [9, 5.5, 7],
			"to": [10, 7.5, 9],
			"rotation": {"angle": 22.5, "axis": "z", "origin": [10, 5, 8]},
			"faces": {
				"north": {"uv": [4, 11, 4.5, 12], "texture": "#0"},
				"east": {"uv": [1, 9.5, 2, 10.5], "texture": "#0"},
				"south": {"uv": [4.5, 11, 5, 12], "texture": "#0"},
				"west": {"uv": [7, 9.5, 8, 10.5], "texture": "#0"},
				"up": {"uv": [11.5, 8, 11, 7], "texture": "#0"},
				"down": {"uv": [11.5, 8, 11, 9], "texture": "#0"}
			}
		},
		{
			"from": [7, 5.5, 6],
			"to": [9, 7.5, 7],
			"rotation": {"angle": 22.5, "axis": "x", "origin": [8, 5, 6]},
			"faces": {
				"north": {"uv": [8, 9.5, 9, 10.5], "texture": "#0"},
				"east": {"uv": [11, 9, 11.5, 10], "texture": "#0"},
				"south": {"uv": [9, 9.5, 10, 10.5], "texture": "#0"},
				"west": {"uv": [11, 10, 11.5, 11], "texture": "#0"},
				"up": {"uv": [7.5, 5, 6.5, 4.5], "texture": "#0"},
				"down": {"uv": [3.5, 8, 2.5, 8.5], "texture": "#0"}
			}
		},
		{
			"from": [7, 5.5, 9],
			"to": [9, 7.5, 10],
			"rotation": {"angle": -22.5, "axis": "x", "origin": [8, 5, 10]},
			"faces": {
				"north": {"uv": [2, 10, 3, 11], "texture": "#0"},
				"east": {"uv": [11, 11, 11.5, 12], "texture": "#0"},
				"south": {"uv": [3, 10, 4, 11], "texture": "#0"},
				"west": {"uv": [0, 11.5, 0.5, 12.5], "texture": "#0"},
				"up": {"uv": [11.5, 6, 10.5, 5.5], "texture": "#0"},
				"down": {"uv": [1.5, 11.5, 0.5, 12], "texture": "#0"}
			}
		},
		{
			"from": [7, 7, 7],
			"to": [9, 9, 9],
			"rotation": {"angle": 0, "axis": "y", "origin": [7, 7, 7]},
			"faces": {
				"north": {"uv": [4, 10, 5, 11], "texture": "#0"},
				"east": {"uv": [10, 8.5, 11, 9.5], "texture": "#0"},
				"south": {"uv": [10, 9.5, 11, 10.5], "texture": "#0"},
				"west": {"uv": [0, 10.5, 1, 11.5], "texture": "#0"},
				"up": {"uv": [2, 11.5, 1, 10.5], "texture": "#0"},
				"down": {"uv": [11.5, 4.5, 10.5, 5.5], "texture": "#0"}
			}
		},
		{
			"from": [7.5, 9, 7.5],
			"to": [8.5, 10, 8.5],
			"rotation": {"angle": 0, "axis": "y", "origin": [7, 9, 7]},
			"faces": {
				"north": {"uv": [7.5, 4.5, 8, 5], "texture": "#0"},
				"east": {"uv": [3.5, 8, 4, 8.5], "texture": "#0"},
				"south": {"uv": [2, 9.5, 2.5, 10], "texture": "#0"},
				"west": {"uv": [11.5, 0.5, 12, 1], "texture": "#0"},
				"up": {"uv": [12, 1.5, 11.5, 1], "texture": "#0"},
				"down": {"uv": [2, 11.5, 1.5, 12], "texture": "#0"}
			}
		}
	],
	"display": {
		"thirdperson_righthand": {
			"rotation": [90, 0, 0],
			"translation": [1, -0.25, 2.5],
			"scale": [0.5, 0.5, 0.5]
		},
		"thirdperson_lefthand": {
			"rotation": [90, 0, 0],
			"translation": [1, -0.25, 2.5],
			"scale": [0.5, 0.5, 0.5]
		},
		"firstperson_righthand": {
			"rotation": [0, 180, 0],
			"translation": [5, 4.25, -2.75],
			"scale": [0.75, 0.75, 0.75]
		},
		"firstperson_lefthand": {
			"rotation": [0, 180, 0],
			"translation": [5, 4.25, -2.75],
			"scale": [0.75, 0.75, 0.75]
		},
		"ground": {
			"translation": [0, 2.75, 0],
			"scale": [0.5, 0.5, 0.5]
		},
		"gui": {
			"rotation": [14, -166.75, 0],
			"translation": [0, 5.25, 0],
			"scale": [0.75, 0.75, 0.75]
		},
		"head": {
			"rotation": [-3.5, 0.25, 2.5],
			"translation": [-1.25, 21.5, -0.75],
			"scale": [1.85, 1.85, 1.85]
		},
		"fixed": {
			"rotation": [-90, 0, 0],
			"translation": [0, 0, -15],
			"scale": [2, 2, 2]
		}
	}
}