{
	"credit": "Made with Blockbench",
	"texture_size": [64, 64],
	"textures": {
		"0": "hats:item/cowboy_hat",
		"particle": "hats:item/cowboy_hat"
	},
	"elements": [
		{
			"from": [3, 0, 2],
			"to": [13, 1, 15],
			"rotation": {"angle": 0, "axis": "z", "origin": [2, 0, 1]},
			"faces": {
				"north": {"uv": [5.75, 5, 8.25, 5.25], "texture": "#0"},
				"east": {"uv": [5.75, 3.5, 9, 3.75], "texture": "#0"},
				"south": {"uv": [5.75, 5.25, 8.25, 5.5], "texture": "#0"},
				"west": {"uv": [5.75, 3.75, 9, 4], "texture": "#0"},
				"up": {"uv": [2.5, 3.25, 0, 0], "texture": "#0"},
				"down": {"uv": [5, 0, 2.5, 3.25], "texture": "#0"}
			}
		},
		{
			"from": [1.01, 0.01, 2.01],
			"to": [2.99, 0.99, 14.99],
			"rotation": {"angle": -22.5, "axis": "z", "origin": [3, 0, 8]},
			"faces": {
				"north": {"uv": [2.5, 5, 3, 5.25], "texture": "#0"},
				"east": {"uv": [5.75, 4, 9, 4.25], "texture": "#0"},
				"south": {"uv": [2.5, 5.25, 3, 5.5], "texture": "#0"},
				"west": {"uv": [5.75, 4.25, 9, 4.5], "texture": "#0"},
				"up": {"uv": [3.5, 6.5, 3, 3.25], "texture": "#0"},
				"down": {"uv": [4, 3.25, 3.5, 6.5], "texture": "#0"}
			}
		},
		{
			"from": [13.01, 0.01, 2.01],
			"to": [14.99, 0.99, 14.99],
			"rotation": {"angle": 22.5, "axis": "z", "origin": [13, 0, 8]},
			"faces": {
				"north": {"uv": [2.5, 5.5, 3, 5.75], "texture": "#0"},
				"east": {"uv": [5.75, 4.5, 9, 4.75], "texture": "#0"},
				"south": {"uv": [2.5, 5.75, 3, 6], "texture": "#0"},
				"west": {"uv": [5.75, 4.75, 9, 5], "texture": "#0"},
				"up": {"uv": [4.5, 6.5, 4, 3.25], "texture": "#0"},
				"down": {"uv": [5, 3.25, 4.5, 6.5], "texture": "#0"}
			}
		},
		{
			"from": [5, 1, 5],
			"to": [11, 4, 12],
			"faces": {
				"north": {"uv": [0, 5.75, 1.5, 6.5], "texture": "#0"},
				"east": {"uv": [0, 5, 1.75, 5.75], "texture": "#0"},
				"south": {"uv": [5.75, 0.75, 7.25, 1.5], "texture": "#0"},
				"west": {"uv": [5, 0, 6.75, 0.75], "texture": "#0"},
				"up": {"uv": [1.5, 5, 0, 3.25], "texture": "#0"},
				"down": {"uv": [3, 3.25, 1.5, 5], "texture": "#0"}
			}
		},
		{
			"from": [5.01, 4.01, 5.01],
			"to": [7.99, 5.99, 11.99],
			"rotation": {"angle": -22.5, "axis": "z", "origin": [5, 4, 8]},
			"faces": {
				"north": {"uv": [5.75, 5.5, 6.5, 6], "texture": "#0"},
				"east": {"uv": [5.75, 1.5, 7.5, 2], "texture": "#0"},
				"south": {"uv": [5, 6, 5.75, 6.5], "texture": "#0"},
				"west": {"uv": [5.75, 2, 7.5, 2.5], "texture": "#0"},
				"up": {"uv": [5.75, 2.5, 5, 0.75], "texture": "#0"},
				"down": {"uv": [2.5, 5, 1.75, 6.75], "texture": "#0"}
			}
		},
		{
			"from": [8.005, 4.005, 5.005],
			"to": [10.995, 5.995, 11.995],
			"rotation": {"angle": 22.5, "axis": "z", "origin": [11, 4, 8]},
			"faces": {
				"north": {"uv": [5.75, 6, 6.5, 6.5], "texture": "#0"},
				"east": {"uv": [5.75, 2.5, 7.5, 3], "texture": "#0"},
				"south": {"uv": [0, 6.5, 0.75, 7], "texture": "#0"},
				"west": {"uv": [5.75, 3, 7.5, 3.5], "texture": "#0"},
				"up": {"uv": [5.75, 4.25, 5, 2.5], "texture": "#0"},
				"down": {"uv": [5.75, 4.25, 5, 6], "texture": "#0"}
			}
		}
	],
	"display": {
		"thirdperson_righthand": {
			"rotation": [90, 0, 0],
			"translation": [1, -0.25, 2.5],
			"scale": [0.5, 0.5, 0.5]
		},
		"thirdperson_lefthand": {
			"rotation": [90, 0, 0],
			"translation": [1, -0.25, 2.5],
			"scale": [0.5, 0.5, 0.5]
		},
		"firstperson_righthand": {
			"rotation": [0, 180, 0],
			"translation": [5, 4.25, -2.75],
			"scale": [0.75, 0.75, 0.75]
		},
		"firstperson_lefthand": {
			"rotation": [0, 180, 0],
			"translation": [5, 4.25, -2.75],
			"scale": [0.75, 0.75, 0.75]
		},
		"ground": {
			"translation": [0, 2.75, 0],
			"scale": [0.5, 0.5, 0.5]
		},
		"gui": {
			"rotation": [14, -166.75, 0],
			"translation": [0, 5.25, 0],
			"scale": [0.75, 0.75, 0.75]
		},
		"head": {
			"rotation": [-2.75, -3.5, -0.14],
			"translation": [0, 20.75, -1],
			"scale": [1.85, 1.85, 1.85]
		},
		"fixed": {
			"translation": [0, 6, 0]
		}
	}
}