{
	"credit": "Made with Blockbench",
	"textures": {
		"0": "hats:item/crown",
		"particle": "hats:item/crown"
	},
	"elements": [
		{
			"from": [11.5, 0, 4.5],
			"to": [11.5, 4, 11.5],
			"rotation": {"angle": 0, "axis": "y", "origin": [4, 0, 4]},
			"faces": {
				"north": {"uv": [7, 0, 14, 4], "texture": "#0"},
				"east": {"uv": [7, 4, 14, 8], "texture": "#0"},
				"south": {"uv": [7, 8, 14, 12], "texture": "#0"},
				"west": {"uv": [7, 12, 14, 16], "texture": "#0"},
				"up": {"uv": [7, 7, 0, 0], "texture": "#0"},
				"down": {"uv": [7, 7, 0, 14], "texture": "#0"}
			}
		},
		{
			"from": [4.5, 0, 4.5],
			"to": [4.5, 4, 11.5],
			"rotation": {"angle": 0, "axis": "y", "origin": [-3, 0, 4]},
			"faces": {
				"north": {"uv": [7, 0, 14, 4], "texture": "#0"},
				"east": {"uv": [7, 4, 14, 8], "texture": "#0"},
				"south": {"uv": [7, 8, 14, 12], "texture": "#0"},
				"west": {"uv": [7, 12, 14, 16], "texture": "#0"},
				"up": {"uv": [7, 7, 0, 0], "texture": "#0"},
				"down": {"uv": [7, 7, 0, 14], "texture": "#0"}
			}
		},
		{
			"from": [4.5, 0, 4.5],
			"to": [11.5, 4, 4.5],
			"rotation": {"angle": 0, "axis": "y", "origin": [4, 0, 4]},
			"faces": {
				"north": {"uv": [7, 0, 14, 4], "texture": "#0"},
				"east": {"uv": [7, 4, 14, 8], "texture": "#0"},
				"south": {"uv": [7, 8, 14, 12], "texture": "#0"},
				"west": {"uv": [7, 12, 14, 16], "texture": "#0"},
				"up": {"uv": [7, 7, 0, 0], "texture": "#0"},
				"down": {"uv": [7, 7, 0, 14], "texture": "#0"}
			}
		},
		{
			"from": [4.5, 0, 11.5],
			"to": [11.5, 4, 11.5],
			"rotation": {"angle": 0, "axis": "y", "origin": [4, 0, 11]},
			"faces": {
				"north": {"uv": [7, 0, 14, 4], "texture": "#0"},
				"east": {"uv": [7, 4, 14, 8], "texture": "#0"},
				"south": {"uv": [7, 8, 14, 12], "texture": "#0"},
				"west": {"uv": [7, 12, 14, 16], "texture": "#0"},
				"up": {"uv": [7, 7, 0, 0], "texture": "#0"},
				"down": {"uv": [7, 7, 0, 14], "texture": "#0"}
			}
		}
	],
	"display": {
		"thirdperson_righthand": {
			"rotation": [90, 0, 0],
			"translation": [1, -0.25, 2.5],
			"scale": [0.5, 0.5, 0.5]
		},
		"thirdperson_lefthand": {
			"rotation": [90, 0, 0],
			"translation": [1, -0.25, 2.5],
			"scale": [0.5, 0.5, 0.5]
		},
		"firstperson_righthand": {
			"rotation": [0, 180, 0],
			"translation": [5, 4.25, -2.75],
			"scale": [0.75, 0.75, 0.75]
		},
		"firstperson_lefthand": {
			"rotation": [0, 180, 0],
			"translation": [5, 4.25, -2.75],
			"scale": [0.75, 0.75, 0.75]
		},
		"ground": {
			"translation": [0, 2.75, 0],
			"scale": [0.5, 0.5, 0.5]
		},
		"gui": {
			"rotation": [14, -166.75, 0],
			"translation": [0, 5.25, 0],
			"scale": [0.75, 0.75, 0.75]
		},
		"head": {
			"translation": [0, 22, 0],
			"scale": [2.2, 2.2, 2.2]
		},
		"fixed": {
			"translation": [0, 6, 0]
		}
	}
}