{
	"credit": "Made with Blockbench",
	"texture_size": [64, 64],
	"textures": {
		"1": "hats:item/gibus"
	},
	"elements": [
		{
			"from": [8, 0, 7.98528],
			"to": [14, 1, 12.98528],
			"rotation": {"angle": -45, "axis": "y", "origin": [14, 0, 2]},
			"faces": {
				"north": {"uv": [8.75, 1.75, 10.25, 2], "texture": "#1"},
				"east": {"uv": [8.75, 8.25, 10, 8.5], "texture": "#1"},
				"south": {"uv": [8.75, 2, 10.25, 2.25], "texture": "#1"},
				"west": {"uv": [8.75, 8.5, 10, 8.75], "texture": "#1"},
				"up": {"uv": [1.5, 1.25, 0, 0], "texture": "#1"},
				"down": {"uv": [1.5, 1.25, 0, 2.5], "texture": "#1"}
			}
		},
		{
			"from": [11.5, 0, 4.48528],
			"to": [16.5, 1, 10.48528],
			"rotation": {"angle": -45, "axis": "y", "origin": [14, 0, 2]},
			"faces": {
				"north": {"uv": [8.75, 8.75, 10, 9], "texture": "#1"},
				"east": {"uv": [8.75, 2.25, 10.25, 2.5], "texture": "#1"},
				"south": {"uv": [9, 0, 10.25, 0.25], "texture": "#1"},
				"west": {"uv": [8.75, 2.5, 10.25, 2.75], "texture": "#1"},
				"up": {"uv": [2.75, 1.5, 1.5, 0], "texture": "#1"},
				"down": {"uv": [2.75, 1.5, 1.5, 3], "texture": "#1"}
			}
		},
		{
			"from": [11.5, 0, 10.48528],
			"to": [16.5, 1, 16.48528],
			"rotation": {"angle": -45, "axis": "y", "origin": [14, 0, 2]},
			"faces": {
				"north": {"uv": [9, 0.25, 10.25, 0.5], "texture": "#1"},
				"east": {"uv": [8.75, 2.75, 10.25, 3], "texture": "#1"},
				"south": {"uv": [9, 0.5, 10.25, 0.75], "texture": "#1"},
				"west": {"uv": [8.75, 3, 10.25, 3.25], "texture": "#1"},
				"up": {"uv": [1.25, 4, 0, 2.5], "texture": "#1"},
				"down": {"uv": [4, 0, 2.75, 1.5], "texture": "#1"}
			}
		},
		{
			"from": [14, 0, 7.98528],
			"to": [20, 1, 12.98528],
			"rotation": {"angle": -45, "axis": "y", "origin": [14, 0, 2]},
			"faces": {
				"north": {"uv": [8.75, 5.75, 10.25, 6], "texture": "#1"},
				"east": {"uv": [9, 0.75, 10.25, 1], "texture": "#1"},
				"south": {"uv": [8.75, 6, 10.25, 6.25], "texture": "#1"},
				"west": {"uv": [9, 1, 10.25, 1.25], "texture": "#1"},
				"up": {"uv": [4.25, 2.75, 2.75, 1.5], "texture": "#1"},
				"down": {"uv": [4.25, 2.75, 2.75, 4], "texture": "#1"}
			}
		},
		{
			"from": [5.5, 0, 2],
			"to": [10.5, 1, 8],
			"rotation": {"angle": 0, "axis": "y", "origin": [9, 0, 6]},
			"faces": {
				"north": {"uv": [9, 1.25, 10.25, 1.5], "texture": "#1"},
				"east": {"uv": [8.75, 6.25, 10.25, 6.5], "texture": "#1"},
				"south": {"uv": [9, 1.5, 10.25, 1.75], "texture": "#1"},
				"west": {"uv": [8.75, 6.5, 10.25, 6.75], "texture": "#1"},
				"up": {"uv": [2.5, 4.5, 1.25, 3], "texture": "#1"},
				"down": {"uv": [1.25, 4, 0, 5.5], "texture": "#1"}
			}
		},
		{
			"from": [8, 0, 5.5],
			"to": [14, 1, 10.5],
			"rotation": {"angle": 0, "axis": "y", "origin": [6, 0, 7]},
			"faces": {
				"north": {"uv": [8.75, 6.75, 10.25, 7], "texture": "#1"},
				"east": {"uv": [9, 4, 10.25, 4.25], "texture": "#1"},
				"south": {"uv": [8.75, 7, 10.25, 7.25], "texture": "#1"},
				"west": {"uv": [9, 4.25, 10.25, 4.5], "texture": "#1"},
				"up": {"uv": [5.5, 1.25, 4, 0], "texture": "#1"},
				"down": {"uv": [4, 4, 2.5, 5.25], "texture": "#1"}
			}
		},
		{
			"from": [5.5, 0, 8],
			"to": [10.5, 1, 14],
			"rotation": {"angle": 0, "axis": "y", "origin": [6, 0, 7]},
			"faces": {
				"north": {"uv": [9, 4.5, 10.25, 4.75], "texture": "#1"},
				"east": {"uv": [8.75, 7.25, 10.25, 7.5], "texture": "#1"},
				"south": {"uv": [9, 4.75, 10.25, 5], "texture": "#1"},
				"west": {"uv": [8.75, 7.5, 10.25, 7.75], "texture": "#1"},
				"up": {"uv": [5.25, 5.5, 4, 4], "texture": "#1"},
				"down": {"uv": [5.5, 1.25, 4.25, 2.75], "texture": "#1"}
			}
		},
		{
			"from": [2, 0, 5.5],
			"to": [8, 1, 10.5],
			"rotation": {"angle": 0, "axis": "y", "origin": [6, 0, 7]},
			"faces": {
				"north": {"uv": [8.75, 7.75, 10.25, 8], "texture": "#1"},
				"east": {"uv": [9, 5, 10.25, 5.25], "texture": "#1"},
				"south": {"uv": [8.75, 8, 10.25, 8.25], "texture": "#1"},
				"west": {"uv": [9, 5.25, 10.25, 5.5], "texture": "#1"},
				"up": {"uv": [5.75, 4, 4.25, 2.75], "texture": "#1"},
				"down": {"uv": [2.75, 5.25, 1.25, 6.5], "texture": "#1"}
			}
		},
		{
			"from": [12.25, 1, 6.23528],
			"to": [15.75, 8, 6.73528],
			"rotation": {"angle": -45, "axis": "y", "origin": [14, 1, 2]},
			"faces": {
				"north": {"uv": [2.75, 5.25, 3.75, 7], "texture": "#1"},
				"east": {"uv": [6.5, 7.5, 6.75, 9.25], "texture": "#1"},
				"south": {"uv": [5.25, 4, 6.25, 5.75], "texture": "#1"},
				"west": {"uv": [1.75, 8.25, 2, 10], "texture": "#1"},
				"up": {"uv": [7.75, 9, 6.75, 8.75], "texture": "#1"},
				"down": {"uv": [1, 9, 0, 9.25], "texture": "#1"}
			}
		},
		{
			"from": [17.75, 1, 8.73528],
			"to": [18.25, 8, 12.23528],
			"rotation": {"angle": -45, "axis": "y", "origin": [14, 1, 2]},
			"faces": {
				"north": {"uv": [3.75, 8.25, 4, 10], "texture": "#1"},
				"east": {"uv": [0, 5.5, 1, 7.25], "texture": "#1"},
				"south": {"uv": [4, 8.25, 4.25, 10], "texture": "#1"},
				"west": {"uv": [5.5, 0, 6.5, 1.75], "texture": "#1"},
				"up": {"uv": [2.75, 4, 2.5, 3], "texture": "#1"},
				"down": {"uv": [1.25, 5.5, 1, 6.5], "texture": "#1"}
			}
		},
		{
			"from": [12.25, 1, 14.23528],
			"to": [15.75, 8, 14.73528],
			"rotation": {"angle": -45, "axis": "y", "origin": [14, 1, 2]},
			"faces": {
				"north": {"uv": [3.75, 5.5, 4.75, 7.25], "texture": "#1"},
				"east": {"uv": [4.25, 8.5, 4.5, 10.25], "texture": "#1"},
				"south": {"uv": [5.75, 1.75, 6.75, 3.5], "texture": "#1"},
				"west": {"uv": [4.5, 8.5, 4.75, 10.25], "texture": "#1"},
				"up": {"uv": [9.25, 9.5, 8.25, 9.25], "texture": "#1"},
				"down": {"uv": [10.25, 9, 9.25, 9.25], "texture": "#1"}
			}
		},
		{
			"from": [9.75, 1, 8.73528],
			"to": [10.25, 8, 12.23528],
			"rotation": {"angle": -45, "axis": "y", "origin": [14, 1, 2]},
			"faces": {
				"north": {"uv": [4.75, 8.5, 5, 10.25], "texture": "#1"},
				"east": {"uv": [4.75, 5.75, 5.75, 7.5], "texture": "#1"},
				"south": {"uv": [5, 8.5, 5.25, 10.25], "texture": "#1"},
				"west": {"uv": [5.75, 5.75, 6.75, 7.5], "texture": "#1"},
				"up": {"uv": [5.75, 2.75, 5.5, 1.75], "texture": "#1"},
				"down": {"uv": [1.5, 9.25, 1.25, 10.25], "texture": "#1"}
			}
		},
		{
			"from": [6.25, 1, 3.75],
			"to": [9.75, 8, 4.25],
			"rotation": {"angle": 0, "axis": "y", "origin": [9, 1, 7]},
			"faces": {
				"north": {"uv": [6.25, 3.5, 7.25, 5.25], "texture": "#1"},
				"east": {"uv": [5.25, 8.5, 5.5, 10.25], "texture": "#1"},
				"south": {"uv": [6.5, 0, 7.5, 1.75], "texture": "#1"},
				"west": {"uv": [8.75, 0, 9, 1.75], "texture": "#1"},
				"up": {"uv": [10.25, 9.5, 9.25, 9.25], "texture": "#1"},
				"down": {"uv": [1, 9.5, 0, 9.75], "texture": "#1"}
			}
		},
		{
			"from": [11.75, 1, 6.25],
			"to": [12.25, 8, 9.75],
			"rotation": {"angle": 0, "axis": "y", "origin": [5, 1, 7]},
			"faces": {
				"north": {"uv": [2, 8.75, 2.25, 10.5], "texture": "#1"},
				"east": {"uv": [1, 6.5, 2, 8.25], "texture": "#1"},
				"south": {"uv": [2.25, 8.75, 2.5, 10.5], "texture": "#1"},
				"west": {"uv": [6.75, 1.75, 7.75, 3.5], "texture": "#1"},
				"up": {"uv": [1.75, 10.25, 1.5, 9.25], "texture": "#1"},
				"down": {"uv": [3.25, 9.25, 3, 10.25], "texture": "#1"}
			}
		},
		{
			"from": [3.75, 1, 6.25],
			"to": [4.25, 8, 9.75],
			"rotation": {"angle": 0, "axis": "y", "origin": [7, 1, 7]},
			"faces": {
				"north": {"uv": [2.5, 8.75, 2.75, 10.5], "texture": "#1"},
				"east": {"uv": [6.75, 5.25, 7.75, 7], "texture": "#1"},
				"south": {"uv": [2.75, 8.75, 3, 10.5], "texture": "#1"},
				"west": {"uv": [2, 7, 3, 8.75], "texture": "#1"},
				"up": {"uv": [3.5, 10.25, 3.25, 9.25], "texture": "#1"},
				"down": {"uv": [3.75, 9.25, 3.5, 10.25], "texture": "#1"}
			}
		},
		{
			"from": [6.2448, 11, 3.7448],
			"to": [9.7448, 12, 7.2448],
			"rotation": {"angle": 0, "axis": "y", "origin": [11, 11, 11]},
			"faces": {
				"north": {"uv": [9.5, 3.25, 10.5, 3.5], "texture": "#1"},
				"east": {"uv": [2, 6.5, 2.75, 6.75], "texture": "#1"},
				"south": {"uv": [9.5, 3.5, 10.5, 3.75], "texture": "#1"},
				"west": {"uv": [2, 6.75, 2.75, 7], "texture": "#1"},
				"up": {"uv": [2.25, 5.25, 1.25, 4.5], "texture": "#1"},
				"down": {"uv": [8.75, 7.5, 7.75, 8.25], "texture": "#1"}
			}
		},
		{
			"from": [8.7448, 9, 6.2448],
			"to": [12.2448, 10, 9.7448],
			"rotation": {"angle": 0, "axis": "y", "origin": [11, 9, 11]},
			"faces": {
				"north": {"uv": [9.5, 3.75, 10.5, 4], "texture": "#1"},
				"east": {"uv": [5.75, 9.5, 6.75, 9.75], "texture": "#1"},
				"south": {"uv": [6.75, 9.5, 7.75, 9.75], "texture": "#1"},
				"west": {"uv": [7.75, 9.5, 8.75, 9.75], "texture": "#1"},
				"up": {"uv": [8.75, 3.25, 7.75, 2.25], "texture": "#1"},
				"down": {"uv": [8.75, 4.5, 7.75, 5.5], "texture": "#1"}
			}
		},
		{
			"from": [6.2448, 9, 8.7448],
			"to": [9.7448, 10, 12.2448],
			"rotation": {"angle": 0, "axis": "y", "origin": [11, 9, 11]},
			"faces": {
				"north": {"uv": [8.75, 9.5, 9.75, 9.75], "texture": "#1"},
				"east": {"uv": [0, 9.75, 1, 10], "texture": "#1"},
				"south": {"uv": [5.75, 9.75, 6.75, 10], "texture": "#1"},
				"west": {"uv": [6.75, 9.75, 7.75, 10], "texture": "#1"},
				"up": {"uv": [8.75, 6.5, 7.75, 5.5], "texture": "#1"},
				"down": {"uv": [8.75, 6.5, 7.75, 7.5], "texture": "#1"}
			}
		},
		{
			"from": [3.7448, 11, 6.2448],
			"to": [7.2448, 12, 9.7448],
			"rotation": {"angle": 0, "axis": "y", "origin": [11, 11, 11]},
			"faces": {
				"north": {"uv": [3, 7, 3.75, 7.25], "texture": "#1"},
				"east": {"uv": [7.75, 9.75, 8.75, 10], "texture": "#1"},
				"south": {"uv": [7.75, 3.25, 8.5, 3.5], "texture": "#1"},
				"west": {"uv": [8.75, 9.75, 9.75, 10], "texture": "#1"},
				"up": {"uv": [1.75, 9.25, 1, 8.25], "texture": "#1"},
				"down": {"uv": [3.75, 8.25, 3, 9.25], "texture": "#1"}
			}
		},
		{
			"from": [9.25, 12, 2.5],
			"to": [12.75, 13, 5.5],
			"rotation": {"angle": 45, "axis": "y", "origin": [11, 12, 11]},
			"faces": {
				"north": {"uv": [9.75, 9.5, 10.75, 9.75], "texture": "#1"},
				"east": {"uv": [5.75, 8.75, 6.5, 9], "texture": "#1"},
				"south": {"uv": [9.75, 9.75, 10.75, 10], "texture": "#1"},
				"west": {"uv": [5.75, 9, 6.5, 9.25], "texture": "#1"},
				"up": {"uv": [8.75, 9, 7.75, 8.25], "texture": "#1"},
				"down": {"uv": [9.5, 3.25, 8.5, 4], "texture": "#1"}
			}
		},
		{
			"from": [10.75, 10, 5],
			"to": [15.25, 11, 8.5],
			"rotation": {"angle": 45, "axis": "y", "origin": [11, 10, 11]},
			"faces": {
				"north": {"uv": [9, 5.5, 10.25, 5.75], "texture": "#1"},
				"east": {"uv": [0, 10, 1, 10.25], "texture": "#1"},
				"south": {"uv": [6.75, 9, 8, 9.25], "texture": "#1"},
				"west": {"uv": [5.75, 10, 6.75, 10.25], "texture": "#1"},
				"up": {"uv": [4.25, 8.25, 3, 7.25], "texture": "#1"},
				"down": {"uv": [8.5, 3.5, 7.25, 4.5], "texture": "#1"}
			}
		},
		{
			"from": [6.75, 10, 5],
			"to": [11.25, 11, 8.5],
			"rotation": {"angle": 45, "axis": "y", "origin": [11, 10, 11]},
			"faces": {
				"north": {"uv": [8, 9, 9.25, 9.25], "texture": "#1"},
				"east": {"uv": [6.75, 10, 7.75, 10.25], "texture": "#1"},
				"south": {"uv": [0, 9.25, 1.25, 9.5], "texture": "#1"},
				"west": {"uv": [7.75, 10, 8.75, 10.25], "texture": "#1"},
				"up": {"uv": [8.75, 1, 7.5, 0], "texture": "#1"},
				"down": {"uv": [5.5, 7.5, 4.25, 8.5], "texture": "#1"}
			}
		},
		{
			"from": [9.25, 8, 6.5],
			"to": [12.75, 9, 11],
			"rotation": {"angle": 45, "axis": "y", "origin": [11, 8, 11]},
			"faces": {
				"north": {"uv": [10, 8.25, 11, 8.5], "texture": "#1"},
				"east": {"uv": [5.75, 9.25, 7, 9.5], "texture": "#1"},
				"south": {"uv": [10, 8.5, 11, 8.75], "texture": "#1"},
				"west": {"uv": [7, 9.25, 8.25, 9.5], "texture": "#1"},
				"up": {"uv": [6.5, 8.75, 5.5, 7.5], "texture": "#1"},
				"down": {"uv": [8.75, 1, 7.75, 2.25], "texture": "#1"}
			}
		},
		{
			"from": [6.25, 1, 11.75],
			"to": [9.75, 8, 12.25],
			"rotation": {"angle": 0, "axis": "y", "origin": [6, 1, 6]},
			"faces": {
				"north": {"uv": [6.75, 7, 7.75, 8.75], "texture": "#1"},
				"east": {"uv": [8.75, 4, 9, 5.75], "texture": "#1"},
				"south": {"uv": [0, 7.25, 1, 9], "texture": "#1"},
				"west": {"uv": [5.5, 8.75, 5.75, 10.5], "texture": "#1"},
				"up": {"uv": [9.75, 10.25, 8.75, 10], "texture": "#1"},
				"down": {"uv": [11, 8.75, 10, 9], "texture": "#1"}
			}
		},
		{
			"from": [4.5, 10.5, 4.5],
			"to": [5.5, 11.5, 5.5],
			"rotation": {"angle": 0, "axis": "y", "origin": [3.5, 10.5, 4.5]},
			"faces": {
				"north": {"uv": [0, 11, 0.75, 11.75], "texture": "#1"},
				"east": {"uv": [1.25, 2.75, 1.5, 3], "texture": "#1"},
				"south": {"uv": [4, 1.25, 4.25, 1.5], "texture": "#1"},
				"west": {"uv": [2.25, 4.5, 2.5, 4.75], "texture": "#1"},
				"up": {"uv": [2.5, 5, 2.25, 4.75], "texture": "#1"},
				"down": {"uv": [2.5, 5, 2.25, 5.25], "texture": "#1"}
			}
		},
		{
			"from": [4.8, 10, 4.8],
			"to": [5.2, 10.5, 5.2],
			"rotation": {"angle": 0, "axis": "y", "origin": [3.5, 9.5, 4.5]},
			"faces": {
				"north": {"uv": [3.75, 5.25, 4, 5.5], "texture": "#1"},
				"east": {"uv": [4.75, 5.5, 5, 5.75], "texture": "#1"},
				"south": {"uv": [5, 5.5, 5.25, 5.75], "texture": "#1"},
				"west": {"uv": [5.75, 3.5, 6, 3.75], "texture": "#1"},
				"up": {"uv": [6, 4, 5.75, 3.75], "texture": "#1"},
				"down": {"uv": [6.25, 3.5, 6, 3.75], "texture": "#1"}
			}
		},
		{
			"from": [4.7, 9.5, 4.7],
			"to": [5.3, 10, 5.3],
			"rotation": {"angle": 0, "axis": "y", "origin": [3.5, 9, 4.5]},
			"faces": {
				"north": {"uv": [6, 3.75, 6.25, 4], "texture": "#1"},
				"east": {"uv": [6.25, 5.25, 6.5, 5.5], "texture": "#1"},
				"south": {"uv": [6.25, 5.5, 6.5, 5.75], "texture": "#1"},
				"west": {"uv": [6.5, 5.25, 6.75, 5.5], "texture": "#1"},
				"up": {"uv": [6.75, 5.75, 6.5, 5.5], "texture": "#1"},
				"down": {"uv": [4.5, 7.25, 4.25, 7.5], "texture": "#1"}
			}
		},
		{
			"from": [4.55, 9, 4.55],
			"to": [5.45, 9.5, 5.45],
			"rotation": {"angle": 0, "axis": "y", "origin": [3.5, 8.5, 4.5]},
			"faces": {
				"north": {"uv": [4.5, 7.25, 4.75, 7.5], "texture": "#1"},
				"east": {"uv": [7.25, 4.5, 7.5, 4.75], "texture": "#1"},
				"south": {"uv": [7.25, 4.75, 7.5, 5], "texture": "#1"},
				"west": {"uv": [7.25, 5, 7.5, 5.25], "texture": "#1"},
				"up": {"uv": [7.75, 1.25, 7.5, 1], "texture": "#1"},
				"down": {"uv": [7.75, 1.25, 7.5, 1.5], "texture": "#1"}
			}
		}
	],
	"display": {
		"thirdperson_righthand": {
			"translation": [0, 8, 0]
		},
		"thirdperson_lefthand": {
			"translation": [0, 7.25, 0]
		},
		"firstperson_righthand": {
			"rotation": [-180, 54.25, -180],
			"translation": [0, 5.5, 0]
		},
		"firstperson_lefthand": {
			"rotation": [-180, 27.5, 180],
			"translation": [0, 6.25, 0]
		},
		"gui": {
			"rotation": [-169.74, -18.38, -165.7]
		},
		"head": {
			"translation": [0, 18.5, 0],
			"scale": [1.5, 1.5, 1.5]
		}
	},
	"groups": [
		{
			"name": "Root",
			"origin": [8, 8, 8],
			"color": 0,
			"children": [0, 1, 2, 3, 4, 5, 6, 7, 8, 9, 10, 11, 12, 13, 14, 15, 16, 17, 18, 19, 20, 21, 22, 23, 24, 25, 26, 27]
		}
	],
	"meta": {
		"format_version": "4.10",
		"model_format": "java_block",
		"box_uv": false
	},
	"name": "gibus",
	"front_gui_light": false,
	"visible_box": [1, 1, 0],
	"variable_placeholders": "",
	"variable_placeholder_buttons": [],
	"unhandled_root_fields": {},
	"resolution": {
		"width": 16,
		"height": 16
	},
	"outliner": [
		{
			"name": "group",
			"origin": [6, 0, 7],
			"color": 0,
			"uuid": "c39c470b-1818-1121-7ba3-664cfcdc79d0",
			"export": true,
			"mirror_uv": false,
			"isOpen": true,
			"locked": false,
			"visibility": true,
			"autouv": 0,
			"children": [
				{
					"name": "group",
					"origin": [8, 8, 8],
					"color": 0,
					"uuid": "e8f54dc9-e1ad-e040-fa38-dfe028546fd6",
					"export": true,
					"mirror_uv": false,
					"isOpen": true,
					"locked": false,
					"visibility": true,
					"autouv": 0,
					"children": [
						"a98efec1-d5cf-e80b-4885-b04904d7cf6b",
						"87c69f43-1713-8772-aaa2-1b1582379603",
						"b1ec7ad7-78aa-0c98-0e9c-02dbcaceca79",
						"c50d2be7-9f14-b818-6e7b-22c7211289a6"
					]
				},
				{
					"name": "group",
					"origin": [8, 8, 8],
					"color": 0,
					"uuid": "feb8c978-89f7-5562-03f4-0f2b2787d90b",
					"export": true,
					"mirror_uv": false,
					"isOpen": true,
					"locked": false,
					"visibility": true,
					"autouv": 0,
					"children": [
						"f2f7daa3-d74b-e959-5bea-90e5e60cfbf6",
						"14173d22-e09d-829d-6314-10807ae50a62",
						"15f2284a-1d1e-17a6-0bef-fc75bf1fb71f",
						"bcb8f4a9-fba0-a0c2-65ce-2046ee98581f"
					]
				}
			]
		},
		{
			"name": "group",
			"origin": [6, 0, 7],
			"color": 0,
			"uuid": "2c9c3155-24fc-83da-8aa7-faddd39372c2",
			"export": true,
			"mirror_uv": false,
			"isOpen": true,
			"locked": false,
			"visibility": true,
			"autouv": 0,
			"children": [
				{
					"name": "group",
					"origin": [8, 8, 8],
					"color": 0,
					"uuid": "05cae82f-22e8-2587-a74b-d57ec00e4781",
					"export": true,
					"mirror_uv": false,
					"isOpen": true,
					"locked": false,
					"visibility": true,
					"autouv": 0,
					"children": [
						"d10dee80-6a5a-f75a-4651-6c38bbff1707",
						"829efb20-0808-14b2-5865-adbaf580fc1e",
						"1f2ebeec-d325-a6a4-73f4-b6fa80325b0b",
						"0f6d47ad-0c5f-c4d7-8443-b6287e1c2e64"
					]
				},
				{
					"name": "group",
					"origin": [8, 8, 8],
					"color": 0,
					"uuid": "34486a53-48ac-7b4e-6920-3f9a221fac99",
					"export": true,
					"mirror_uv": false,
					"isOpen": true,
					"locked": false,
					"visibility": true,
					"autouv": 0,
					"children": [
						"b4a6b0f8-16a2-4705-0cd9-108b328dc31f",
						"6ae325e4-4849-96e3-7edb-cf169cae8f78",
						"49f90cbe-d239-eeea-881f-f8da9720c4ff",
						"57458da8-c695-ecc9-f1cd-b78e2109844a"
					]
				}
			]
		},
		{
			"name": "group",
			"origin": [6, 0, 7],
			"color": 0,
			"uuid": "7b8f505b-453a-eec5-c43d-a22a88c90822",
			"export": true,
			"mirror_uv": false,
			"isOpen": true,
			"locked": false,
			"visibility": true,
			"autouv": 0,
			"children": [
				{
					"name": "group",
					"origin": [8, 8, 8],
					"color": 0,
					"uuid": "e9e4f3e4-8a78-647a-344c-a1a02d007748",
					"export": true,
					"mirror_uv": false,
					"isOpen": true,
					"locked": false,
					"visibility": true,
					"autouv": 0,
					"children": [
						"12933372-8d41-b329-807c-47693f56e015",
						"beca9b24-55e0-8d8b-6297-1b72dd4d4790",
						"7811379a-8d46-e380-f502-627897862689",
						"13dd039e-4a46-0ddf-a2fd-01491f3c3a29"
					]
				},
				{
					"name": "group",
					"origin": [8, 8, 8],
					"color": 0,
					"uuid": "b8603224-7140-35de-7e78-e23ce9e5ee97",
					"export": true,
					"mirror_uv": false,
					"isOpen": true,
					"locked": false,
					"visibility": true,
					"autouv": 0,
					"children": [
						"913f6394-c24b-69e2-5d62-7e47057d18d7",
						"539ec093-ca4a-e331-ae40-a3f93f690350",
						"009f9102-06d2-b241-5552-3cddcf4ead15",
						"672d4363-5d8f-c4d6-b64d-24f05be777d8"
					]
				}
			]
		},
		"c13de8fe-0903-3524-a563-0b4523ef72ef",
		"bd859b89-3328-128b-6820-415ab988fc84",
		"9e3236dc-e9ee-068c-9a14-ae91e9d0d0b9",
		"2e884fd3-d403-768a-55f4-4a73da9470f2"
	]
}