{
	"credit": "Made with Blockbench",
	"texture_size": [32, 32],
	"textures": {
		"0": "hats:block/headgear_table_side0",
		"1": "hats:block/headgear_table_side1",
		"2": "hats:block/headgear_table_top",
		"3": "block/jungle_planks"
	},
	"elements": [
		{
			"name": "block",
			"from": [0, 0, 0],
			"to": [16, 16, 16],
			"faces": {
				"north": {"uv": [0, 0, 16, 16], "texture": "#1"},
				"east": {"uv": [0, 0, 16, 16], "texture": "#0"},
				"south": {"uv": [0, 0, 16, 16], "texture": "#0"},
				"west": {"uv": [0, 0, 16, 16], "texture": "#1"},
				"up": {"uv": [0, 0, 16, 16], "texture": "#2"},
				"down": {"uv": [0, 0, 16, 16], "texture": "#3"}
			}
		}
	],
	"display": {
		"thirdperson_righthand": {
			"rotation": [0, -45, 0],
			"translation": [0, -1.25, 0],
			"scale": [0.3, 0.3, 0.3]
		},
		"thirdperson_lefthand": {
			"rotation": [0, -45, 0],
			"translation": [0, -1.25, 0],
			"scale": [0.3, 0.3, 0.3]
		},
		"firstperson_righthand": {
			"rotation": [0, -47, 0],
			"translation": [-1, 0.5, 0.75],
			"scale": [0.4, 0.4, 0.4]
		},
		"firstperson_lefthand": {
			"rotation": [0, -47, 0],
			"translation": [-1, 0.5, 0.75],
			"scale": [0.4, 0.4, 0.4]
		},
		"ground": {
			"translation": [0, 1.25, 0],
			"scale": [0.275, 0.275, 0.275]
		},
		"gui": {
			"rotation": [31.75, -45, 0],
			"scale": [0.6, 0.6, 0.6]
		},
		"head": {
			"translation": [-17, -13.25, -17],
			"scale": [2.15, 2.15, 2.15]
		},
		"fixed": {
			"scale": [0.5, 0.5, 0.5]
		}
	}
}