{
	"credit": "Made with Blockbench",
	"texture_size": [4, 4],
	"textures": {
		"0": "hats:item/horns",
		"particle": "hats:item/horns"
	},
	"elements": [
		{
			"from": [4.8, -0.2, 6.8],
			"to": [6.2, 3.2, 8.2],
			"rotation": {"angle": 22.5, "axis": "z", "origin": [6, 0, 7]},
			"faces": {
				"north": {"uv": [0, 0, 4, 12], "texture": "#0"},
				"east": {"uv": [4, 0, 8, 12], "texture": "#0"},
				"south": {"uv": [12, 0, 16, 12], "texture": "#0"},
				"west": {"uv": [8, 0, 12, 12], "texture": "#0"},
				"up": {"uv": [8, 16, 4, 12], "texture": "#0"},
				"down": {"uv": [12, 12, 8, 16], "texture": "#0"}
			}
		},
		{
			"from": [4.15, 2, 7],
			"to": [5.15, 5, 8],
			"rotation": {"angle": 22.5, "axis": "z", "origin": [5, 2, 7]},
			"faces": {
				"north": {"uv": [0, 0, 4, 12], "texture": "#0"},
				"east": {"uv": [4, 0, 8, 12], "texture": "#0"},
				"south": {"uv": [12, 0, 16, 12], "texture": "#0"},
				"west": {"uv": [8, 0, 12, 12], "texture": "#0"},
				"up": {"uv": [8, 16, 4, 12], "texture": "#0"},
				"down": {"uv": [12, 12, 8, 16], "texture": "#0"}
			}
		},
		{
			"from": [9.8, -0.2, 6.8],
			"to": [11.2, 3.2, 8.2],
			"rotation": {"angle": -22.5, "axis": "z", "origin": [10, 0, 7]},
			"faces": {
				"north": {"uv": [0, 0, 4, 12], "texture": "#0"},
				"east": {"uv": [8, 0, 12, 12], "texture": "#0"},
				"south": {"uv": [4, 0, 8, 12], "texture": "#0"},
				"west": {"uv": [12, 0, 16, 12], "texture": "#0"},
				"up": {"uv": [8, 16, 4, 12], "texture": "#0"},
				"down": {"uv": [12, 12, 8, 16], "texture": "#0"}
			}
		},
		{
			"from": [10.85, 2, 7],
			"to": [11.85, 5, 8],
			"rotation": {"angle": -22.5, "axis": "z", "origin": [11, 2, 7]},
			"faces": {
				"north": {"uv": [0, 0, 4, 12], "texture": "#0"},
				"east": {"uv": [4, 0, 8, 12], "texture": "#0"},
				"south": {"uv": [12, 0, 16, 12], "texture": "#0"},
				"west": {"uv": [8, 0, 12, 12], "texture": "#0"},
				"up": {"uv": [8, 16, 4, 12], "texture": "#0"},
				"down": {"uv": [12, 12, 8, 16], "texture": "#0"}
			}
		}
	],
	"display": {
		"thirdperson_righthand": {
			"rotation": [90, 0, 0],
			"translation": [1, -0.25, 2.5],
			"scale": [0.5, 0.5, 0.5]
		},
		"thirdperson_lefthand": {
			"rotation": [90, 0, 0],
			"translation": [1, -0.25, 2.5],
			"scale": [0.5, 0.5, 0.5]
		},
		"firstperson_righthand": {
			"rotation": [0, 180, 0],
			"translation": [5, 4.25, -2.75],
			"scale": [0.75, 0.75, 0.75]
		},
		"firstperson_lefthand": {
			"rotation": [0, 180, 0],
			"translation": [5, 4.25, -2.75],
			"scale": [0.75, 0.75, 0.75]
		},
		"ground": {
			"translation": [0, 2.75, 0],
			"scale": [0.5, 0.5, 0.5]
		},
		"gui": {
			"rotation": [14, -166.75, 0],
			"translation": [0, 5.25, 0],
			"scale": [0.75, 0.75, 0.75]
		},
		"head": {
			"translation": [0, 19, -3.25],
			"scale": [1.85, 1.85, 1.85]
		},
		"fixed": {
			"translation": [0, 6, 0]
		}
	},
	"groups": [
		{
			"name": "group",
			"origin": [8, 8, 8],
			"color": 0,
			"children": [0, 1]
		},
		{
			"name": "group",
			"origin": [8, 8, 8],
			"color": 0,
			"children": [2, 3]
		}
	]
}