{
	"credit": "Made with Blockbench",
	"texture_size": [64, 32],
	"textures": {
		"0": "hats:item/mimic_hat",
		"particle": "hats:item/mimic_hat"
	},
	"elements": [
		{
			"name": "brim",
			"from": [2, 0, 2],
			"to": [14, 1, 14],
			"rotation": {"angle": 0, "axis": "y", "origin": [7, 0, 7]},
			"faces": {
				"north": {"uv": [0, 12, 3, 12.5], "texture": "#0"},
				"east": {"uv": [3.25, 6, 3, 12], "rotation": 90, "texture": "#0"},
				"south": {"uv": [0, 12.5, 3, 13], "texture": "#0"},
				"west": {"uv": [3, 0, 3.25, 6], "rotation": 90, "texture": "#0"},
				"up": {"uv": [3, 6, 0, 0], "texture": "#0"},
				"down": {"uv": [3, 6, 0, 12], "texture": "#0"}
			}
		},
		{
			"name": "down",
			"from": [4, 1, 4],
			"to": [12, 7, 12],
			"rotation": {"angle": 0, "axis": "x", "origin": [7, 1, 7]},
			"faces": {
				"north": {"uv": [3.25, 4, 5.25, 7], "texture": "#0"},
				"east": {"uv": [3.25, 13, 5.25, 16], "texture": "#0"},
				"south": {"uv": [3.25, 7, 5.25, 10], "texture": "#0"},
				"west": {"uv": [3.25, 10, 5.25, 13], "texture": "#0"},
				"up": {"uv": [5.25, 4, 3.25, 0], "texture": "#0"},
				"down": {"uv": [5.5, 16, 5.25, 16], "texture": "#0"}
			}
		},
		{
			"name": "up",
			"from": [4, 7, 4],
			"to": [12, 13, 12],
			"rotation": {"angle": 22.5, "axis": "x", "origin": [8, 7, 12]},
			"faces": {
				"north": {"uv": [7.25, 4, 9.25, 7], "texture": "#0"},
				"east": {"uv": [7.25, 7, 9.25, 10], "texture": "#0"},
				"south": {"uv": [5.25, 4, 7.25, 7], "texture": "#0"},
				"west": {"uv": [5.25, 7, 7.25, 10], "texture": "#0"},
				"up": {"uv": [9.25, 4, 7.25, 0], "texture": "#0"},
				"down": {"uv": [7.25, 0, 5.25, 4], "texture": "#0"}
			}
		},
		{
			"name": "teeth_down",
			"from": [4, 7, 4],
			"to": [12, 8, 9],
			"rotation": {"angle": 0, "axis": "y", "origin": [7, 7, 4]},
			"faces": {
				"north": {"uv": [5.25, 11.5, 7.25, 12], "texture": "#0"},
				"east": {"uv": [5.25, 12, 6.5, 12.5], "texture": "#0"},
				"south": {"uv": [6.75, 14, 7, 14], "texture": "#0"},
				"west": {"uv": [5.25, 12.5, 6.5, 13], "texture": "#0"},
				"up": {"uv": [6.75, 13.75, 6.75, 13.5], "texture": "#0"},
				"down": {"uv": [7, 13.25, 7, 13.5], "texture": "#0"}
			}
		},
		{
			"name": "teeth_down",
			"from": [4, 7.25, 4.15],
			"to": [12, 8.25, 9.15],
			"rotation": {"angle": 22.5, "axis": "x", "origin": [8, 8, 9]},
			"faces": {
				"north": {"uv": [5.25, 10, 7.25, 10.5], "texture": "#0"},
				"east": {"uv": [5.25, 10.5, 6.5, 11], "texture": "#0"},
				"south": {"uv": [7, 11, 7, 11], "texture": "#0"},
				"west": {"uv": [5.25, 11, 6.5, 11.5], "texture": "#0"},
				"up": {"uv": [6.75, 11.25, 6.75, 11], "texture": "#0"},
				"down": {"uv": [7, 10.75, 7, 11], "texture": "#0"}
			}
		}
	],
	"display": {
		"thirdperson_righthand": {
			"rotation": [90, 0, 0],
			"translation": [1, -0.25, 2.5],
			"scale": [0.5, 0.5, 0.5]
		},
		"thirdperson_lefthand": {
			"rotation": [90, 0, 0],
			"translation": [1, -0.25, 2.5],
			"scale": [0.5, 0.5, 0.5]
		},
		"firstperson_righthand": {
			"rotation": [0, 180, 0],
			"translation": [5, 4.25, -2.75],
			"scale": [0.75, 0.75, 0.75]
		},
		"firstperson_lefthand": {
			"rotation": [0, 180, 0],
			"translation": [5, 4.25, -2.75],
			"scale": [0.75, 0.75, 0.75]
		},
		"ground": {
			"translation": [0, 2.75, 0],
			"scale": [0.5, 0.5, 0.5]
		},
		"gui": {
			"rotation": [14, -166.75, 0],
			"translation": [0, 2.25, 0],
			"scale": [0.75, 0.75, 0.75]
		},
		"head": {
			"translation": [0, 17.75, 0],
			"scale": [1.85, 1.85, 1.85]
		},
		"fixed": {
			"translation": [0, 1.5, 0]
		}
	}
}