{
	"credit": "Made with Blockbench",
	"texture_size": [32, 32],
	"textures": {
		"0": "hats:item/pilot_hat",
		"particle": "hats:item/pilot_hat"
	},
	"elements": [
		{
			"from": [4, 0, 4],
			"to": [12, 8, 4],
			"rotation": {"angle": 0, "axis": "y", "origin": [4, 0, 4]},
			"faces": {
				"north": {"uv": [0, 0, 4, 4], "texture": "#0"},
				"east": {"uv": [0, 4, 4, 8], "texture": "#0"},
				"south": {"uv": [0, 0, 4, 4], "texture": "#0"},
				"west": {"uv": [4, 4, 8, 8], "texture": "#0"},
				"up": {"uv": [4, 12, 0, 8], "texture": "#0"},
				"down": {"uv": [12, 0, 8, 4], "texture": "#0"}
			}
		},
		{
			"from": [4, 0, 12],
			"to": [12, 8, 12],
			"rotation": {"angle": 0, "axis": "y", "origin": [4, 0, 4]},
			"faces": {
				"north": {"uv": [4, 0, 8, 4], "texture": "#0"},
				"east": {"uv": [0, 4, 4, 8], "texture": "#0"},
				"south": {"uv": [4, 0, 8, 4], "texture": "#0"},
				"west": {"uv": [4, 4, 8, 8], "texture": "#0"},
				"up": {"uv": [4, 12, 0, 8], "texture": "#0"},
				"down": {"uv": [12, 0, 8, 4], "texture": "#0"}
			}
		},
		{
			"from": [12, 0, 4],
			"to": [12, 8, 12],
			"rotation": {"angle": 0, "axis": "y", "origin": [12, 0, -1]},
			"faces": {
				"north": {"uv": [4, 0, 8, 4], "texture": "#0"},
				"east": {"uv": [0, 4, 4, 8], "texture": "#0"},
				"south": {"uv": [4, 0, 8, 4], "texture": "#0"},
				"west": {"uv": [4, 4, 8, 8], "texture": "#0"},
				"up": {"uv": [4, 12, 0, 8], "texture": "#0"},
				"down": {"uv": [12, 0, 8, 4], "texture": "#0"}
			}
		},
		{
			"from": [4, 0, 4],
			"to": [4, 8, 12],
			"rotation": {"angle": 0, "axis": "y", "origin": [4, 0, -1]},
			"faces": {
				"north": {"uv": [4, 0, 8, 4], "texture": "#0"},
				"east": {"uv": [0, 4, 4, 8], "texture": "#0"},
				"south": {"uv": [4, 0, 8, 4], "texture": "#0"},
				"west": {"uv": [4, 4, 8, 8], "texture": "#0"},
				"up": {"uv": [4, 12, 0, 8], "texture": "#0"},
				"down": {"uv": [12, 0, 8, 4], "texture": "#0"}
			}
		},
		{
			"from": [4, 8, 4],
			"to": [12, 8, 12],
			"rotation": {"angle": 0, "axis": "y", "origin": [4, 0, -1]},
			"faces": {
				"north": {"uv": [4, 0, 8, 4], "texture": "#0"},
				"east": {"uv": [0, 4, 4, 8], "texture": "#0"},
				"south": {"uv": [4, 0, 8, 4], "texture": "#0"},
				"west": {"uv": [4, 4, 8, 8], "texture": "#0"},
				"up": {"uv": [4, 12, 0, 8], "texture": "#0"},
				"down": {"uv": [4, 8, 0, 12], "texture": "#0"}
			}
		},
		{
			"from": [3.5, 3, 7],
			"to": [4.5, 5, 9],
			"rotation": {"angle": 0, "axis": "y", "origin": [3, 3, 7]},
			"faces": {
				"north": {"uv": [2.5, 12, 3, 13], "texture": "#0"},
				"east": {"uv": [11, 10, 12, 11], "texture": "#0"},
				"south": {"uv": [12, 2.5, 12.5, 3.5], "texture": "#0"},
				"west": {"uv": [11, 11, 12, 12], "texture": "#0"},
				"up": {"uv": [3.5, 13, 3, 12], "texture": "#0"},
				"down": {"uv": [4, 12, 3.5, 13], "texture": "#0"}
			}
		},
		{
			"from": [11.5, 3, 7],
			"to": [12.5, 5, 9],
			"rotation": {"angle": 0, "axis": "y", "origin": [11, 3, 7]},
			"faces": {
				"north": {"uv": [12, 3.5, 12.5, 4.5], "texture": "#0"},
				"east": {"uv": [0, 12, 1, 13], "texture": "#0"},
				"south": {"uv": [4, 12, 4.5, 13], "texture": "#0"},
				"west": {"uv": [12, 0, 13, 1], "texture": "#0"},
				"up": {"uv": [5, 13, 4.5, 12], "texture": "#0"},
				"down": {"uv": [12.5, 4.5, 12, 5.5], "texture": "#0"}
			}
		},
		{
			"from": [8.5, 5.5, 3],
			"to": [11.5, 7.5, 4],
			"rotation": {"angle": 0, "axis": "y", "origin": [10, 5, 2]},
			"faces": {
				"north": {"uv": [8, 10, 9.5, 11], "texture": "#0"},
				"east": {"uv": [5, 12, 5.5, 13], "texture": "#0"},
				"south": {"uv": [9.5, 10, 11, 11], "texture": "#0"},
				"west": {"uv": [5.5, 12, 6, 13], "texture": "#0"},
				"up": {"uv": [2.5, 12.5, 1, 12], "texture": "#0"},
				"down": {"uv": [13.5, 1, 12, 1.5], "texture": "#0"}
			}
		},
		{
			"from": [4.5, 5.5, 3],
			"to": [7.5, 7.5, 4],
			"rotation": {"angle": 0, "axis": "y", "origin": [5, 5, 2]},
			"faces": {
				"north": {"uv": [8, 11, 9.5, 12], "texture": "#0"},
				"east": {"uv": [12, 5.5, 12.5, 6.5], "texture": "#0"},
				"south": {"uv": [9.5, 11, 11, 12], "texture": "#0"},
				"west": {"uv": [6, 12, 6.5, 13], "texture": "#0"},
				"up": {"uv": [13.5, 2, 12, 1.5], "texture": "#0"},
				"down": {"uv": [13.5, 2, 12, 2.5], "texture": "#0"}
			}
		},
		{
			"from": [3.8, 5.8, 3.8],
			"to": [12.2, 7.2, 12.2],
			"rotation": {"angle": 0, "axis": "y", "origin": [4, 6, 4]},
			"faces": {
				"north": {"uv": [8, 8, 12, 8.5], "texture": "#0"},
				"east": {"uv": [8, 8.5, 12, 9], "texture": "#0"},
				"south": {"uv": [8, 9, 12, 9.5], "texture": "#0"},
				"west": {"uv": [8, 9.5, 12, 10], "texture": "#0"},
				"up": {"uv": [8, 12, 4, 8], "texture": "#0"},
				"down": {"uv": [12, 4, 8, 8], "texture": "#0"}
			}
		}
	],
	"display": {
		"thirdperson_righthand": {
			"rotation": [90, 0, 0],
			"translation": [1, -0.25, 2.5],
			"scale": [0.5, 0.5, 0.5]
		},
		"thirdperson_lefthand": {
			"rotation": [90, 0, 0],
			"translation": [1, -0.25, 2.5],
			"scale": [0.5, 0.5, 0.5]
		},
		"firstperson_righthand": {
			"rotation": [0, 180, 0],
			"translation": [5, 4.25, -2.75],
			"scale": [0.75, 0.75, 0.75]
		},
		"firstperson_lefthand": {
			"rotation": [0, 180, 0],
			"translation": [5, 4.25, -2.75],
			"scale": [0.75, 0.75, 0.75]
		},
		"ground": {
			"translation": [0, 2.75, 0],
			"scale": [0.5, 0.5, 0.5]
		},
		"gui": {
			"rotation": [14, -166.75, 0],
			"translation": [0, 5.25, 0],
			"scale": [0.75, 0.75, 0.75]
		},
		"head": {
			"translation": [0, 7.25, 0],
			"scale": [1.85, 1.85, 1.85]
		},
		"fixed": {
			"translation": [0, 6, 0]
		}
	}
}