{
	"credit": "Made with Blockbench",
	"texture_size": [32, 32],
	"textures": {
		"0": "hats:item/propeller_hat",
		"1": "hats:item/propeller",
		"particle": "hats:item/propeller_hat"
	},
	"elements": [
		{
			"from": [5, 0, 2],
			"to": [11, 0, 6],
			"rotation": {"angle": 0, "axis": "y", "origin": [7, 0, 7]},
			"faces": {
				"north": {"uv": [0, 0, 3, 0], "texture": "#0"},
				"east": {"uv": [0, 0, 2, 0], "texture": "#0"},
				"south": {"uv": [0, 0, 3, 0], "texture": "#0"},
				"west": {"uv": [0, 0, 2, 0], "texture": "#0"},
				"up": {"uv": [6, 2, 3, 0], "texture": "#0"},
				"down": {"uv": [6, 2, 3, 4], "texture": "#0"}
			}
		},
		{
			"from": [5, 0, 6],
			"to": [11, 3, 12],
			"rotation": {"angle": 0, "axis": "y", "origin": [7, 0, 8]},
			"faces": {
				"north": {"uv": [3, 4, 6, 5.5], "texture": "#0"},
				"east": {"uv": [3, 5.5, 6, 7], "texture": "#0"},
				"south": {"uv": [0, 6, 3, 7.5], "texture": "#0"},
				"west": {"uv": [6, 0, 9, 1.5], "texture": "#0"},
				"up": {"uv": [3, 3, 0, 0], "texture": "#0"},
				"down": {"uv": [3, 3, 0, 6], "texture": "#0"}
			}
		},
		{
			"from": [7.7, 2.39, 8.7],
			"to": [8.3, 3.99, 9.3],
			"rotation": {"angle": 0, "axis": "y", "origin": [7, 2, 9]},
			"faces": {
				"north": {"uv": [6, 2.5, 6.5, 3.5], "texture": "#0"},
				"east": {"uv": [6, 3.5, 6.5, 4.5], "texture": "#0"},
				"south": {"uv": [6, 4.5, 6.5, 5.5], "texture": "#0"},
				"west": {"uv": [6, 5.5, 6.5, 6.5], "texture": "#0"},
				"up": {"uv": [7, 3, 6.5, 2.5], "texture": "#0"},
				"down": {"uv": [7, 3, 6.5, 3.5], "texture": "#0"}
			}
		},
		{
			"from": [3.5, 4, 4.5],
			"to": [12.5, 4, 13.5],
			"rotation": {"angle": -22.5, "axis": "y", "origin": [8, 4, 9]},
			"faces": {
				"north": {"uv": [0, 0, 4.5, 0], "texture": "#1"},
				"east": {"uv": [0, 0, 4.5, 0], "texture": "#1"},
				"south": {"uv": [0, 0, 4.5, 0], "texture": "#1"},
				"west": {"uv": [0, 0, 4.5, 0], "texture": "#1"},
				"up": {"uv": [4.5, 4.5, 0, 0], "texture": "#1"},
				"down": {"uv": [4.5, 4.5, 0, 9], "texture": "#1"}
			}
		}
	],
	"display": {
		"thirdperson_righthand": {
			"rotation": [90, 0, 0],
			"translation": [1, -0.25, 2.5],
			"scale": [0.5, 0.5, 0.5]
		},
		"thirdperson_lefthand": {
			"rotation": [90, 0, 0],
			"translation": [1, -0.25, 2.5],
			"scale": [0.5, 0.5, 0.5]
		},
		"firstperson_righthand": {
			"rotation": [0, 180, 0],
			"translation": [5, 4.25, -2.75],
			"scale": [0.75, 0.75, 0.75]
		},
		"firstperson_lefthand": {
			"rotation": [0, 180, 0],
			"translation": [5, 4.25, -2.75],
			"scale": [0.75, 0.75, 0.75]
		},
		"ground": {
			"translation": [0, 2.75, 0],
			"scale": [0.5, 0.5, 0.5]
		},
		"gui": {
			"rotation": [14, -166.75, 0],
			"translation": [0, 5.25, 0],
			"scale": [0.75, 0.75, 0.75]
		},
		"head": {
			"translation": [0, 22, -1.75],
			"scale": [1.85, 1.85, 1.85]
		},
		"fixed": {
			"translation": [0, 6, 0]
		}
	}
}