{
	"credit": "Made with Blockbench",
	"texture_size": [64, 32],
	"textures": {
		"0": "hats:item/slime_hat",
		"particle": "hats:item/slime_hat"
	},
	"elements": [
		{
			"from": [5, 0, 5],
			"to": [11, 6, 11],
			"rotation": {"angle": 0, "axis": "y", "origin": [5, 0, 5]},
			"faces": {
				"north": {"uv": [0, 11, 1.5, 14], "texture": "#0"},
				"east": {"uv": [4.5, 11, 6, 14], "texture": "#0"},
				"south": {"uv": [3, 11, 4.5, 14], "texture": "#0"},
				"west": {"uv": [1.5, 11, 3, 14], "texture": "#0"},
				"up": {"uv": [3, 8, 4.5, 11], "texture": "#0"},
				"down": {"uv": [1.5, 8, 3, 11], "texture": "#0"}
			}
		},
		{
			"from": [8, 1, 4.5],
			"to": [9, 2, 5.5],
			"rotation": {"angle": 0, "axis": "y", "origin": [8, 1, 3]},
			"faces": {
				"north": {"uv": [0, 4.5, 0.25, 5], "texture": "#0"},
				"east": {"uv": [0.25, 4, 0.5, 4.5], "texture": "#0"},
				"south": {"uv": [0.75, 4.5, 1, 5], "texture": "#0"},
				"west": {"uv": [0.5, 4, 0.75, 4.5], "texture": "#0"},
				"up": {"uv": [0.5, 4.5, 0.75, 5], "texture": "#0"},
				"down": {"uv": [0.25, 4.5, 0.5, 5], "texture": "#0"}
			}
		},
		{
			"from": [4.7, 3, 4.5],
			"to": [6.7, 5, 6.5],
			"rotation": {"angle": 0, "axis": "y", "origin": [5, 3, 5]},
			"faces": {
				"north": {"uv": [0.5, 3, 1, 4], "texture": "#0"},
				"east": {"uv": [1, 3, 1.5, 4], "texture": "#0"},
				"south": {"uv": [1.5, 3, 2, 4], "texture": "#0"},
				"west": {"uv": [1, 2, 1.5, 3], "texture": "#0"},
				"up": {"uv": [0.5, 2, 1, 3], "texture": "#0"},
				"down": {"uv": [0, 3, 0.5, 4], "texture": "#0"}
			}
		},
		{
			"from": [9.3, 3, 4.5],
			"to": [11.3, 5, 6.5],
			"rotation": {"angle": 0, "axis": "y", "origin": [10, 3, 5]},
			"faces": {
				"north": {"uv": [0.5, 1, 1, 2], "texture": "#0"},
				"east": {"uv": [1, 0, 1.5, 1], "texture": "#0"},
				"south": {"uv": [1.5, 1, 2, 2], "texture": "#0"},
				"west": {"uv": [1, 1, 1.5, 2], "texture": "#0"},
				"up": {"uv": [0.5, 0, 1, 1], "texture": "#0"},
				"down": {"uv": [0, 1, 0.5, 2], "texture": "#0"}
			}
		},
		{
			"from": [12, -1, 4],
			"to": [12, 7, 12],
			"rotation": {"angle": 0, "axis": "y", "origin": [4, -1, 4]},
			"faces": {
				"north": {"uv": [6, 4, 8, 8], "texture": "#0"},
				"east": {"uv": [12, 4, 14, 8], "texture": "#0"},
				"south": {"uv": [10, 4, 12, 8], "texture": "#0"},
				"west": {"uv": [10, 0, 12, 4], "texture": "#0"},
				"up": {"uv": [8, 4, 10, 8], "texture": "#0"},
				"down": {"uv": [8, 0, 10, 4], "texture": "#0"}
			}
		},
		{
			"from": [4, -1, 4],
			"to": [4, 7, 12],
			"rotation": {"angle": 0, "axis": "y", "origin": [-4, -1, 4]},
			"faces": {
				"north": {"uv": [6, 4, 8, 8], "texture": "#0"},
				"east": {"uv": [12, 4, 14, 8], "texture": "#0"},
				"south": {"uv": [10, 4, 12, 8], "texture": "#0"},
				"west": {"uv": [10, 0, 12, 4], "texture": "#0"},
				"up": {"uv": [8, 4, 10, 8], "texture": "#0"},
				"down": {"uv": [8, 0, 10, 4], "texture": "#0"}
			}
		},
		{
			"from": [4, 7, 4],
			"to": [12, 7, 12],
			"rotation": {"angle": 0, "axis": "y", "origin": [0, 4, 4]},
			"faces": {
				"north": {"uv": [6, 4, 8, 8], "texture": "#0"},
				"east": {"uv": [12, 4, 14, 8], "texture": "#0"},
				"south": {"uv": [10, 4, 12, 8], "texture": "#0"},
				"west": {"uv": [10, 0, 12, 4], "texture": "#0"},
				"up": {"uv": [8, 4, 10, 8], "texture": "#0"},
				"down": {"uv": [8, 0, 10, 4], "texture": "#0"}
			}
		},
		{
			"from": [4, -1, 4],
			"to": [12, -1, 12],
			"rotation": {"angle": 0, "axis": "y", "origin": [0, -4, 4]},
			"faces": {
				"north": {"uv": [6, 4, 8, 8], "texture": "#0"},
				"east": {"uv": [12, 4, 14, 8], "texture": "#0"},
				"south": {"uv": [10, 4, 12, 8], "texture": "#0"},
				"west": {"uv": [10, 0, 12, 4], "texture": "#0"},
				"up": {"uv": [8, 4, 10, 8], "texture": "#0"},
				"down": {"uv": [8, 0, 10, 4], "texture": "#0"}
			}
		},
		{
			"from": [4, -1, 12],
			"to": [12, 7, 12],
			"rotation": {"angle": 0, "axis": "y", "origin": [0, 0, 8]},
			"faces": {
				"north": {"uv": [6, 4, 8, 8], "texture": "#0"},
				"east": {"uv": [12, 4, 14, 8], "texture": "#0"},
				"south": {"uv": [10, 4, 12, 8], "texture": "#0"},
				"west": {"uv": [10, 0, 12, 4], "texture": "#0"},
				"up": {"uv": [8, 4, 10, 8], "texture": "#0"},
				"down": {"uv": [8, 0, 10, 4], "texture": "#0"}
			}
		}
	],
	"display": {
		"thirdperson_righthand": {
			"rotation": [90, 0, 0],
			"translation": [1, -0.25, 2.5],
			"scale": [0.5, 0.5, 0.5]
		},
		"thirdperson_lefthand": {
			"rotation": [90, 0, 0],
			"translation": [1, -0.25, 2.5],
			"scale": [0.5, 0.5, 0.5]
		},
		"firstperson_righthand": {
			"rotation": [0, 180, 0],
			"translation": [5, 4.25, -2.75],
			"scale": [0.75, 0.75, 0.75]
		},
		"firstperson_lefthand": {
			"rotation": [0, 180, 0],
			"translation": [5, 4.25, -2.75],
			"scale": [0.75, 0.75, 0.75]
		},
		"ground": {
			"translation": [0, 2.75, 0],
			"scale": [0.5, 0.5, 0.5]
		},
		"gui": {
			"rotation": [14, -166.75, 0],
			"translation": [0, 5.25, 0],
			"scale": [0.75, 0.75, 0.75]
		},
		"head": {
			"translation": [0, 16.25, 0]
		},
		"fixed": {
			"translation": [0, 6, 0]
		}
	},
	"groups": [
		0,
		1,
		2,
		3,
		{
			"name": "overlay",
			"origin": [8, 8, 8],
			"color": 0,
			"children": [4, 5, 6, 7, 8]
		}
	]
}