{
	"credit": "Made with Blockbench",
	"texture_size": [16, 32],
	"textures": {
		"0": "hats:item/solider_helmet",
		"particle": "hats:item/solider_helmet"
	},
	"elements": [
		{
			"from": [4, 3, 4],
			"to": [5, 9, 12],
			"rotation": {"angle": 0, "axis": "y", "origin": [4, 3, 4]},
			"faces": {
				"north": {"uv": [15, 0, 16, 3], "texture": "#0"},
				"east": {"uv": [0, 8, 8, 11], "texture": "#0"},
				"south": {"uv": [8, 6, 9, 9], "texture": "#0"},
				"west": {"uv": [0, 8, 8, 11], "texture": "#0"},
				"up": {"uv": [7, 4, 8, 0], "texture": "#0"},
				"down": {"uv": [7, 4, 8, 8], "texture": "#0"}
			}
		},
		{
			"from": [5, 3, 11],
			"to": [11, 9, 12],
			"rotation": {"angle": 0, "axis": "y", "origin": [7, 3, 4]},
			"faces": {
				"north": {"uv": [9, 6, 15, 9], "texture": "#0"},
				"east": {"uv": [20, 3, 21, 6], "texture": "#0"},
				"south": {"uv": [9, 6, 15, 9], "texture": "#0"},
				"west": {"uv": [19, 3, 20, 6], "texture": "#0"},
				"up": {"uv": [7, 0, 1, 0.5], "texture": "#0"},
				"down": {"uv": [7, 0, 1, 0.5], "texture": "#0"}
			}
		},
		{
			"from": [5, 3, 4],
			"to": [11, 9, 5],
			"rotation": {"angle": 0, "axis": "y", "origin": [7, 3, -3]},
			"faces": {
				"north": {"uv": [9, 0, 15, 3], "texture": "#0"},
				"east": {"uv": [10, 11, 11, 14], "texture": "#0"},
				"south": {"uv": [9, 0, 15, 3], "texture": "#0"},
				"west": {"uv": [15, 11.5, 16, 14.5], "texture": "#0"},
				"up": {"uv": [7, 3.5, 1, 4], "texture": "#0"},
				"down": {"uv": [1, 7.5, 7, 8], "texture": "#0"}
			}
		},
		{
			"from": [5, 9, 5],
			"to": [11, 9, 11],
			"rotation": {"angle": 0, "axis": "y", "origin": [7, 3, 0]},
			"faces": {
				"north": {"uv": [0, 0, 6, 0], "texture": "#0"},
				"east": {"uv": [0, 0, 6, 0], "texture": "#0"},
				"south": {"uv": [0, 0, 6, 0], "texture": "#0"},
				"west": {"uv": [0, 0, 6, 0], "texture": "#0"},
				"up": {"uv": [7, 3.5, 1, 0.5], "texture": "#0"},
				"down": {"uv": [1, 0.5, 7, 3.5], "texture": "#0"}
			}
		},
		{
			"from": [4.5, 1, 7],
			"to": [4.5, 3, 8],
			"rotation": {"angle": 0, "axis": "y", "origin": [4, 1, 7]},
			"faces": {
				"north": {"uv": [0, 0, 0, 1], "texture": "#0"},
				"east": {"uv": [9, 9, 10, 10], "texture": "#0"},
				"south": {"uv": [0, 0, 0, 1], "texture": "#0"},
				"west": {"uv": [8, 9, 9, 10], "texture": "#0"},
				"up": {"uv": [0, 0, 0, 0.5], "texture": "#0"},
				"down": {"uv": [0, 0, 0, 0.5], "texture": "#0"}
			}
		},
		{
			"from": [11, 3, 4],
			"to": [12, 9, 12],
			"rotation": {"angle": 0, "axis": "y", "origin": [12, 3, 4]},
			"faces": {
				"north": {"uv": [9, 6, 8, 9], "texture": "#0"},
				"east": {"uv": [8, 3, 16, 6], "texture": "#0"},
				"south": {"uv": [16, 6, 15, 9], "texture": "#0"},
				"west": {"uv": [8, 3, 16, 6], "texture": "#0"},
				"up": {"uv": [0, 0, 1, 4], "texture": "#0"},
				"down": {"uv": [0, 4, 1, 8], "texture": "#0"}
			}
		},
		{
			"from": [11.5, 1, 7],
			"to": [11.5, 3, 8],
			"rotation": {"angle": 0, "axis": "y", "origin": [12, 1, 7]},
			"faces": {
				"north": {"uv": [0, 0, 0, 1], "texture": "#0"},
				"east": {"uv": [10, 9, 11, 10], "texture": "#0"},
				"south": {"uv": [0, 0, 0, 1], "texture": "#0"},
				"west": {"uv": [11, 9, 12, 10], "texture": "#0"},
				"up": {"uv": [0, 0, 0, 0.5], "texture": "#0"},
				"down": {"uv": [0, 0, 0, 0.5], "texture": "#0"}
			}
		}
	],
	"display": {
		"thirdperson_righthand": {
			"rotation": [90, 0, 0],
			"translation": [1, -0.25, 2.5],
			"scale": [0.5, 0.5, 0.5]
		},
		"thirdperson_lefthand": {
			"rotation": [90, 0, 0],
			"translation": [1, -0.25, 2.5],
			"scale": [0.5, 0.5, 0.5]
		},
		"firstperson_righthand": {
			"rotation": [0, 180, 0],
			"translation": [5, 4.25, -2.75],
			"scale": [0.75, 0.75, 0.75]
		},
		"firstperson_lefthand": {
			"rotation": [0, 180, 0],
			"translation": [5, 4.25, -2.75],
			"scale": [0.75, 0.75, 0.75]
		},
		"ground": {
			"translation": [0, 2.75, 0],
			"scale": [0.5, 0.5, 0.5]
		},
		"gui": {
			"rotation": [14, -166.75, 0],
			"translation": [0, 5.25, 0],
			"scale": [0.75, 0.75, 0.75]
		},
		"head": {
			"rotation": [8, 0, 0],
			"translation": [0, 10.25, 1],
			"scale": [1.95, 1.95, 1.95]
		},
		"fixed": {
			"translation": [0, 6, 0]
		}
	}
}