{
	"credit": "Made with Blockbench",
	"texture_size": [32, 16],
	"textures": {
		"0": "hats:item/sombrero",
		"particle": "hats:item/sombrero"
	},
	"elements": [
		{
			"from": [3, 0, 3],
			"to": [13, 0, 13],
			"rotation": {"angle": 0, "axis": "y", "origin": [3, 0, 3]},
			"faces": {
				"north": {"uv": [0, 0, 2.5, 0], "texture": "#0"},
				"east": {"uv": [0, 0, 2.5, 0], "texture": "#0"},
				"south": {"uv": [0, 0, 2.5, 0], "texture": "#0"},
				"west": {"uv": [0, 0, 2.5, 0], "texture": "#0"},
				"up": {"uv": [5, 0, 0, 10], "texture": "#0"},
				"down": {"uv": [10, 0, 5, 10], "texture": "#0"}
			}
		},
		{
			"from": [3, 0, 12],
			"to": [13, 2, 13],
			"rotation": {"angle": 22.5, "axis": "x", "origin": [8, 0, 13]},
			"faces": {
				"north": {"uv": [10, 0, 11, 10], "rotation": 90, "texture": "#0"},
				"east": {"uv": [11.5, 0, 12, 2], "texture": "#0"},
				"south": {"uv": [10, 0, 11, 10], "rotation": 90, "texture": "#0"},
				"west": {"uv": [11.5, 0, 12, 2], "texture": "#0"},
				"up": {"uv": [11.5, 0, 11, 10], "rotation": 90, "texture": "#0"},
				"down": {"uv": [12, 0, 11.5, 10], "texture": "#0"}
			}
		},
		{
			"from": [3, 0, 3],
			"to": [13, 2, 4],
			"rotation": {"angle": -22.5, "axis": "x", "origin": [8, 0, 3]},
			"faces": {
				"north": {"uv": [10, 0, 11, 10], "rotation": 90, "texture": "#0"},
				"east": {"uv": [11.5, 0, 12, 2], "texture": "#0"},
				"south": {"uv": [10, 0, 11, 10], "rotation": 90, "texture": "#0"},
				"west": {"uv": [11.5, 0, 12, 2], "texture": "#0"},
				"up": {"uv": [11, 10, 11.5, 0], "rotation": 90, "texture": "#0"},
				"down": {"uv": [12, 0, 11.5, 10], "texture": "#0"}
			}
		},
		{
			"from": [3, 0, 3],
			"to": [4, 2, 13],
			"rotation": {"angle": 22.5, "axis": "z", "origin": [3, 0, 8]},
			"faces": {
				"north": {"uv": [11.5, 0, 12, 2], "texture": "#0"},
				"east": {"uv": [10, 0, 11, 10], "rotation": 90, "texture": "#0"},
				"south": {"uv": [11.5, 0, 12, 2], "texture": "#0"},
				"west": {"uv": [10, 0, 11, 10], "rotation": 90, "texture": "#0"},
				"up": {"uv": [11, 10, 11.5, 0], "texture": "#0"},
				"down": {"uv": [12, 0, 11.5, 10], "rotation": 90, "texture": "#0"}
			}
		},
		{
			"from": [12, 0, 3],
			"to": [13, 2, 13],
			"rotation": {"angle": -22.5, "axis": "z", "origin": [13, 0, 8]},
			"faces": {
				"north": {"uv": [11.5, 0, 12, 2], "texture": "#0"},
				"east": {"uv": [10, 0, 11, 10], "rotation": 90, "texture": "#0"},
				"south": {"uv": [11.5, 0, 12, 2], "texture": "#0"},
				"west": {"uv": [10, 0, 11, 10], "rotation": 90, "texture": "#0"},
				"up": {"uv": [11, 0, 11.5, 10], "texture": "#0"},
				"down": {"uv": [12, 0, 11.5, 10], "rotation": 90, "texture": "#0"}
			}
		},
		{
			"from": [6, 0.001, 6],
			"to": [10, 6.001, 10],
			"rotation": {"angle": 0, "axis": "y", "origin": [7, 0, 7]},
			"faces": {
				"north": {"uv": [0, 10, 2, 16], "texture": "#0"},
				"east": {"uv": [0, 10, 2, 16], "texture": "#0"},
				"south": {"uv": [0, 10, 2, 16], "texture": "#0"},
				"west": {"uv": [0, 10, 2, 16], "texture": "#0"},
				"up": {"uv": [4.5, 15, 2.5, 11], "texture": "#0"},
				"down": {"uv": [4.5, 11, 2.5, 15], "texture": "#0"}
			}
		}
	],
	"display": {
		"thirdperson_righthand": {
			"rotation": [90, 0, 0],
			"translation": [1, -0.25, 2.5],
			"scale": [0.5, 0.5, 0.5]
		},
		"thirdperson_lefthand": {
			"rotation": [90, 0, 0],
			"translation": [1, -0.25, 2.5],
			"scale": [0.5, 0.5, 0.5]
		},
		"firstperson_righthand": {
			"rotation": [0, 180, 0],
			"translation": [5, 4.25, -2.75],
			"scale": [0.75, 0.75, 0.75]
		},
		"firstperson_lefthand": {
			"rotation": [0, 180, 0],
			"translation": [5, 4.25, -2.75],
			"scale": [0.75, 0.75, 0.75]
		},
		"ground": {
			"translation": [0, 2.75, 0],
			"scale": [0.5, 0.5, 0.5]
		},
		"gui": {
			"rotation": [14, -166.75, 0],
			"translation": [0, 5.25, 0],
			"scale": [0.75, 0.75, 0.75]
		},
		"head": {
			"translation": [0, 25.75, 0],
			"scale": [2.3, 2.3, 2.3]
		},
		"fixed": {
			"translation": [0, 6, 0]
		}
	}
}