{
	"credit": "Made with Blockbench",
	"texture_size": [32, 32],
	"textures": {
		"0": "hats:item/tophat",
		"particle": "hats:item/tophat"
	},
	"elements": [
		{
			"name": "brim",
			"from": [2, 0, 2],
			"to": [14, 1, 14],
			"rotation": {"angle": 0, "axis": "y", "origin": [7, 0, 7]},
			"faces": {
				"north": {"uv": [8, 12, 14, 12.5], "texture": "#0"},
				"east": {"uv": [8, 12.5, 14, 13], "texture": "#0"},
				"south": {"uv": [8, 13, 14, 13.5], "texture": "#0"},
				"west": {"uv": [8, 13.5, 14, 14], "texture": "#0"},
				"up": {"uv": [6, 6, 0, 0], "texture": "#0"},
				"down": {"uv": [6, 6, 0, 12], "texture": "#0"}
			}
		},
		{
			"name": "hat",
			"from": [4, 1, 4],
			"to": [12, 13, 12],
			"rotation": {"angle": 0, "axis": "y", "origin": [7, 1, 7]},
			"faces": {
				"north": {"uv": [6, 0, 10, 6], "texture": "#0"},
				"east": {"uv": [6, 6, 10, 12], "texture": "#0"},
				"south": {"uv": [10, 0, 14, 6], "texture": "#0"},
				"west": {"uv": [10, 6, 14, 12], "texture": "#0"},
				"up": {"uv": [4, 16, 0, 12], "texture": "#0"},
				"down": {"uv": [8, 12, 4, 16], "texture": "#0"}
			}
		}
	],
	"display": {
		"thirdperson_righthand": {
			"rotation": [90, 0, 0],
			"translation": [1, -0.25, 2.5],
			"scale": [0.5, 0.5, 0.5]
		},
		"thirdperson_lefthand": {
			"rotation": [90, 0, 0],
			"translation": [1, -0.25, 2.5],
			"scale": [0.5, 0.5, 0.5]
		},
		"firstperson_righthand": {
			"rotation": [0, 180, 0],
			"translation": [5, 4.25, -2.75],
			"scale": [0.75, 0.75, 0.75]
		},
		"firstperson_lefthand": {
			"rotation": [0, 180, 0],
			"translation": [5, 4.25, -2.75],
			"scale": [0.75, 0.75, 0.75]
		},
		"ground": {
			"translation": [0, 2.75, 0],
			"scale": [0.5, 0.5, 0.5]
		},
		"gui": {
			"rotation": [14, -166.75, 0],
			"translation": [0, 2.25, 0],
			"scale": [0.75, 0.75, 0.75]
		},
		"head": {
			"translation": [0, 17.75, 0],
			"scale": [1.85, 1.85, 1.85]
		},
		"fixed": {
			"translation": [0, 1.5, 0]
		}
	}
}