{
	"credit": "Made with Blockbench",
	"texture_size": [32, 32],
	"textures": {
		"0": "hats:item/turtle_hat",
		"particle": "hats:item/turtle_hat"
	},
	"elements": [
		{
			"from": [6.5, 2, 0],
			"to": [9.5, 4, 3],
			"rotation": {"angle": 0, "axis": "y", "origin": [6, 2, 0]},
			"faces": {
				"north": {"uv": [9.5, 10, 11, 11], "texture": "#0"},
				"east": {"uv": [0, 10.5, 1.5, 11.5], "texture": "#0"},
				"south": {"uv": [10.5, 8, 12, 9], "texture": "#0"},
				"west": {"uv": [11, 5, 12.5, 6], "texture": "#0"},
				"up": {"uv": [8, 11, 6.5, 9.5], "texture": "#0"},
				"down": {"uv": [9.5, 9.5, 8, 11], "texture": "#0"}
			}
		},
		{
			"from": [3.5, 2, 3],
			"to": [12.5, 5, 13],
			"rotation": {"angle": 0, "axis": "y", "origin": [3, 2, 3]},
			"faces": {
				"north": {"uv": [6, 8, 10.5, 9.5], "texture": "#0"},
				"east": {"uv": [6, 5, 11, 6.5], "texture": "#0"},
				"south": {"uv": [9, 0, 13.5, 1.5], "texture": "#0"},
				"west": {"uv": [6, 6.5, 11, 8], "texture": "#0"},
				"up": {"uv": [4.5, 5, 0, 0], "texture": "#0"},
				"down": {"uv": [9, 0, 4.5, 5], "texture": "#0"}
			}
		},
		{
			"from": [5, 1, 3],
			"to": [11, 2, 12],
			"rotation": {"angle": 0, "axis": "y", "origin": [5, 1, 3]},
			"faces": {
				"north": {"uv": [10.5, 9, 13.5, 9.5], "texture": "#0"},
				"east": {"uv": [9, 4.5, 13.5, 5], "texture": "#0"},
				"south": {"uv": [11, 6, 14, 6.5], "texture": "#0"},
				"west": {"uv": [9.5, 9.5, 14, 10], "texture": "#0"},
				"up": {"uv": [3, 9.5, 0, 5], "texture": "#0"},
				"down": {"uv": [6, 5, 3, 9.5], "texture": "#0"}
			}
		},
		{
			"from": [0, 1.5, 4],
			"to": [5, 2, 6],
			"rotation": {"angle": 45, "axis": "z", "origin": [5, 2, 5]},
			"faces": {
				"north": {"uv": [6.5, 11, 9, 11.5], "texture": "#0"},
				"east": {"uv": [1.5, 10.5, 2.5, 11], "texture": "#0"},
				"south": {"uv": [11, 6.5, 13.5, 7], "texture": "#0"},
				"west": {"uv": [1.5, 11, 2.5, 11.5], "texture": "#0"},
				"up": {"uv": [11.5, 2.5, 9, 1.5], "texture": "#0"},
				"down": {"uv": [11.5, 2.5, 9, 3.5], "texture": "#0"}
			}
		},
		{
			"from": [11, 1.5, 4],
			"to": [16, 2, 6],
			"rotation": {"angle": -22.5, "axis": "z", "origin": [11, 2, 4]},
			"faces": {
				"north": {"uv": [11, 7, 13.5, 7.5], "texture": "#0"},
				"east": {"uv": [11.5, 1.5, 12.5, 2], "texture": "#0"},
				"south": {"uv": [11, 7.5, 13.5, 8], "texture": "#0"},
				"west": {"uv": [11.5, 2, 12.5, 2.5], "texture": "#0"},
				"up": {"uv": [11.5, 4.5, 9, 3.5], "texture": "#0"},
				"down": {"uv": [2.5, 9.5, 0, 10.5], "texture": "#0"}
			}
		},
		{
			"from": [8.9999, 1.5, 12],
			"to": [10.9999, 2, 17],
			"rotation": {"angle": 22.5, "axis": "x", "origin": [10, 2, 12]},
			"faces": {
				"north": {"uv": [11.5, 2.5, 12.5, 3], "texture": "#0"},
				"east": {"uv": [9, 11, 11.5, 11.5], "texture": "#0"},
				"south": {"uv": [11.5, 3, 12.5, 3.5], "texture": "#0"},
				"west": {"uv": [11, 10, 13.5, 10.5], "texture": "#0"},
				"up": {"uv": [3.5, 12, 2.5, 9.5], "texture": "#0"},
				"down": {"uv": [4.5, 9.5, 3.5, 12], "texture": "#0"}
			}
		},
		{
			"from": [5.0001, 1.5, 12],
			"to": [7.0001, 2, 17],
			"rotation": {"angle": 45, "axis": "x", "origin": [6, 2, 12]},
			"faces": {
				"north": {"uv": [11.5, 3.5, 12.5, 4], "texture": "#0"},
				"east": {"uv": [11, 10.5, 13.5, 11], "texture": "#0"},
				"south": {"uv": [11.5, 4, 12.5, 4.5], "texture": "#0"},
				"west": {"uv": [0, 11.5, 2.5, 12], "texture": "#0"},
				"up": {"uv": [5.5, 12, 4.5, 9.5], "texture": "#0"},
				"down": {"uv": [6.5, 9.5, 5.5, 12], "texture": "#0"}
			}
		}
	],
	"display": {
		"thirdperson_righthand": {
			"rotation": [90, 0, 0],
			"translation": [1, -0.25, 2.5],
			"scale": [0.5, 0.5, 0.5]
		},
		"thirdperson_lefthand": {
			"rotation": [90, 0, 0],
			"translation": [1, -0.25, 2.5],
			"scale": [0.5, 0.5, 0.5]
		},
		"firstperson_righthand": {
			"rotation": [0, 180, 0],
			"translation": [5, 4.25, -2.75],
			"scale": [0.75, 0.75, 0.75]
		},
		"firstperson_lefthand": {
			"rotation": [0, 180, 0],
			"translation": [5, 4.25, -2.75],
			"scale": [0.75, 0.75, 0.75]
		},
		"ground": {
			"translation": [0, 2.75, 0],
			"scale": [0.5, 0.5, 0.5]
		},
		"gui": {
			"rotation": [14, -166.75, 0],
			"translation": [0, 5.25, 0],
			"scale": [0.75, 0.75, 0.75]
		},
		"head": {
			"rotation": [-0.16, 7.5, 5.5],
			"translation": [-4.5, 18.75, 2.75],
			"scale": [1.65, 1.65, 1.65]
		},
		"fixed": {
			"translation": [0, 6, 0]
		}
	}
}