{
	"credit": "Made with Blockbench",
	"texture_size": [16, 32],
	"textures": {
		"0": "hats:item/ufo_hat",
		"1": "hats:item/beam",
		"particle": "hats:item/ufo_hat"
	},
	"elements": [
		{
			"from": [5, 6, 4],
			"to": [11, 7, 12],
			"rotation": {"angle": 0, "axis": "z", "origin": [8, 2, 8]},
			"faces": {
				"north": {"uv": [6, 3, 9, 3.25], "texture": "#0"},
				"east": {"uv": [7.5, 3.75, 8.5, 4], "texture": "#0"},
				"south": {"uv": [6, 3, 9, 3.25], "texture": "#0"},
				"west": {"uv": [7.5, 3.75, 8.5, 4], "texture": "#0"},
				"up": {"uv": [3, 4, 0, 0], "texture": "#0"},
				"down": {"uv": [6, 0, 3, 4], "texture": "#0"}
			}
		},
		{
			"from": [4, 6, 5],
			"to": [5, 7, 11],
			"rotation": {"angle": 0, "axis": "z", "origin": [8, 2, 8]},
			"faces": {
				"north": {"uv": [5, 3.5, 5.5, 3.75], "texture": "#0"},
				"east": {"uv": [5, 3, 8, 3.25], "texture": "#0"},
				"south": {"uv": [7.5, 3, 8, 3.25], "texture": "#0"},
				"west": {"uv": [6, 3, 9, 3.25], "texture": "#0"},
				"up": {"uv": [6.5, 6, 6, 3], "texture": "#0"},
				"down": {"uv": [5.5, 3, 6, 6], "texture": "#0"}
			}
		},
		{
			"from": [11, 6, 5],
			"to": [12, 7, 11],
			"rotation": {"angle": 0, "axis": "z", "origin": [8, 2, 8]},
			"faces": {
				"north": {"uv": [7.5, 3, 8, 3.25], "texture": "#0"},
				"east": {"uv": [6, 3, 9, 3.25], "texture": "#0"},
				"south": {"uv": [5.5, 3.75, 6, 4], "texture": "#0"},
				"west": {"uv": [0, 3.5, 3, 3.75], "texture": "#0"},
				"up": {"uv": [5.5, 6, 5, 3], "texture": "#0"},
				"down": {"uv": [5.5, 3, 5, 6], "texture": "#0"}
			}
		},
		{
			"from": [5.5, 7, 5.5],
			"to": [10.5, 9, 10.5],
			"rotation": {"angle": 0, "axis": "z", "origin": [8, 2, 8]},
			"faces": {
				"north": {"uv": [5, 4, 7.5, 5], "texture": "#0"},
				"east": {"uv": [5, 5, 7.5, 6], "texture": "#0"},
				"south": {"uv": [6, 0, 8.5, 1], "texture": "#0"},
				"west": {"uv": [6, 1, 8.5, 2], "texture": "#0"},
				"up": {"uv": [2.5, 6.5, 0, 4], "texture": "#0"},
				"down": {"uv": [5, 4, 2.5, 6.5], "texture": "#0"}
			}
		},
		{
			"from": [7, 1, 8],
			"to": [9, 6, 8],
			"rotation": {"angle": 22.5, "axis": "y", "origin": [8, 0, 8]},
			"faces": {
				"north": {"uv": [0, 0, 16, 16], "texture": "#1"},
				"east": {"uv": [0, 0, 0, 3], "texture": "#1"},
				"south": {"uv": [0, 0, 16, 16], "texture": "#1"},
				"west": {"uv": [0, 0, 0, 3], "texture": "#1"},
				"up": {"uv": [2, 0, 0, 0], "texture": "#1"},
				"down": {"uv": [2, 0, 0, 0], "texture": "#1"}
			}
		},
		{
			"from": [8, 1, 7],
			"to": [8, 6, 9],
			"rotation": {"angle": 22.5, "axis": "y", "origin": [8, 0, 8]},
			"faces": {
				"north": {"uv": [0, 0, 0, 1.5], "texture": "#1"},
				"east": {"uv": [0, 0, 16, 16], "texture": "#1"},
				"south": {"uv": [0, 0, 0, 1.5], "texture": "#1"},
				"west": {"uv": [0, 0, 16, 16], "texture": "#1"},
				"up": {"uv": [0, 0, 1, 0], "rotation": 90, "texture": "#1"},
				"down": {"uv": [0, 0, 1, 0], "rotation": 270, "texture": "#1"}
			}
		}
	],
	"display": {
		"thirdperson_righthand": {
			"rotation": [90, 0, 0],
			"translation": [1, -0.25, 2.5],
			"scale": [0.5, 0.5, 0.5]
		},
		"thirdperson_lefthand": {
			"rotation": [90, 0, 0],
			"translation": [1, -0.25, 2.5],
			"scale": [0.5, 0.5, 0.5]
		},
		"firstperson_righthand": {
			"rotation": [0, 180, 0],
			"translation": [5, 4.25, -2.75],
			"scale": [0.75, 0.75, 0.75]
		},
		"firstperson_lefthand": {
			"rotation": [0, 180, 0],
			"translation": [5, 4.25, -2.75],
			"scale": [0.75, 0.75, 0.75]
		},
		"ground": {
			"translation": [0, 2.75, 0],
			"scale": [0.5, 0.5, 0.5]
		},
		"gui": {
			"rotation": [14, -166.75, 0],
			"translation": [0, 5.25, 0],
			"scale": [0.75, 0.75, 0.75]
		},
		"head": {
			"rotation": [8.96, -0.76, 9.51],
			"translation": [-5.25, 15.25, 1.5],
			"scale": [1.85, 1.85, 1.85]
		},
		"fixed": {
			"translation": [0, 6, 0]
		}
	}
}