{
	"credit": "Made with Blockbench",
	"texture_size": [32, 32],
	"textures": {
		"0": "hats:item/yippee_hat",
		"particle": "hats:item/yippee_hat"
	},
	"elements": [
		{
			"from": [4.5, 4, 1],
			"to": [11.5, 11, 8],
			"rotation": {"angle": 0, "axis": "y", "origin": [6, 4, 0]},
			"faces": {
				"north": {"uv": [0, 0, 3.5, 3.5], "texture": "#0"},
				"east": {"uv": [0, 3.5, 3.5, 7], "texture": "#0"},
				"south": {"uv": [3.5, 0, 7, 3.5], "texture": "#0"},
				"west": {"uv": [3.5, 3.5, 7, 7], "texture": "#0"},
				"up": {"uv": [3.5, 10.5, 0, 7], "texture": "#0"},
				"down": {"uv": [10.5, 0, 7, 3.5], "texture": "#0"}
			}
		},
		{
			"from": [5, 3, 7],
			"to": [11, 8, 14],
			"rotation": {"angle": 0, "axis": "y", "origin": [5, 5, 7]},
			"faces": {
				"north": {"uv": [10, 3.5, 13, 6], "texture": "#0"},
				"east": {"uv": [6.5, 7, 10, 9.5], "texture": "#0"},
				"south": {"uv": [10, 6, 13, 8.5], "texture": "#0"},
				"west": {"uv": [6.5, 9.5, 10, 12], "texture": "#0"},
				"up": {"uv": [6.5, 10.5, 3.5, 7], "texture": "#0"},
				"down": {"uv": [10, 3.5, 7, 7], "texture": "#0"}
			}
		},
		{
			"from": [5, 0, 7],
			"to": [7, 3, 9],
			"rotation": {"angle": 0, "axis": "y", "origin": [6, 0, 8]},
			"faces": {
				"north": {"uv": [10, 8.5, 11, 10], "texture": "#0"},
				"east": {"uv": [10, 10, 11, 11.5], "texture": "#0"},
				"south": {"uv": [0, 10.5, 1, 12], "texture": "#0"},
				"west": {"uv": [10.5, 0, 11.5, 1.5], "texture": "#0"},
				"up": {"uv": [1, 13, 0, 12], "texture": "#0"},
				"down": {"uv": [2, 12, 1, 13], "texture": "#0"}
			}
		},
		{
			"from": [9, 0, 7],
			"to": [11, 3, 9],
			"rotation": {"angle": 0, "axis": "y", "origin": [9, 0, 8]},
			"faces": {
				"north": {"uv": [1, 10.5, 2, 12], "texture": "#0"},
				"east": {"uv": [10.5, 1.5, 11.5, 3], "texture": "#0"},
				"south": {"uv": [2, 10.5, 3, 12], "texture": "#0"},
				"west": {"uv": [3, 10.5, 4, 12], "texture": "#0"},
				"up": {"uv": [3, 13, 2, 12], "texture": "#0"},
				"down": {"uv": [4, 12, 3, 13], "texture": "#0"}
			}
		},
		{
			"from": [9, 0, 12],
			"to": [11, 3, 14],
			"rotation": {"angle": 0, "axis": "y", "origin": [9, 0, 13]},
			"faces": {
				"north": {"uv": [4, 10.5, 5, 12], "texture": "#0"},
				"east": {"uv": [5, 10.5, 6, 12], "texture": "#0"},
				"south": {"uv": [11, 8.5, 12, 10], "texture": "#0"},
				"west": {"uv": [11, 10, 12, 11.5], "texture": "#0"},
				"up": {"uv": [5, 13, 4, 12], "texture": "#0"},
				"down": {"uv": [6, 12, 5, 13], "texture": "#0"}
			}
		},
		{
			"from": [5, 0, 12],
			"to": [7, 3, 14],
			"rotation": {"angle": 0, "axis": "y", "origin": [6, 0, 13]},
			"faces": {
				"north": {"uv": [11.5, 0, 12.5, 1.5], "texture": "#0"},
				"east": {"uv": [11.5, 1.5, 12.5, 3], "texture": "#0"},
				"south": {"uv": [10, 11.5, 11, 13], "texture": "#0"},
				"west": {"uv": [11, 11.5, 12, 13], "texture": "#0"},
				"up": {"uv": [7, 13, 6, 12], "texture": "#0"},
				"down": {"uv": [8, 12, 7, 13], "texture": "#0"}
			}
		}
	],
	"display": {
		"thirdperson_righthand": {
			"rotation": [90, 0, 0],
			"translation": [1, 1.25, 2.5],
			"scale": [0.5, 0.5, 0.5]
		},
		"thirdperson_lefthand": {
			"rotation": [90, 0, 0],
			"translation": [1, 1.25, 2.5],
			"scale": [0.5, 0.5, 0.5]
		},
		"firstperson_righthand": {
			"rotation": [-180, 35, -180],
			"translation": [5, 4.25, -2.75],
			"scale": [0.75, 0.75, 0.75]
		},
		"firstperson_lefthand": {
			"rotation": [-180, 35, 180],
			"translation": [5, 4.25, -2.75],
			"scale": [0.75, 0.75, 0.75]
		},
		"ground": {
			"translation": [0, 2.75, 0],
			"scale": [0.5, 0.5, 0.5]
		},
		"gui": {
			"rotation": [14, -166.75, 0],
			"translation": [0, 2.75, 0],
			"scale": [0.75, 0.75, 0.75]
		},
		"head": {
			"translation": [0, 14.5, -2]
		},
		"fixed": {
			"rotation": [-90, 0, 0],
			"translation": [0, 0.75, -8]
		}
	}
}