{
  "parent": "minecraft:item/generated",
  "textures": {
    "layer0": "minecraft:item/feather"
  },
  "overrides": [
    { "predicate": { "custom_model_data": 1 }, "model": "hats:item/astronaut_helmet" },
    { "predicate": { "custom_model_data": 2 }, "model": "hats:item/bandana" },
    { "predicate": { "custom_model_data": 3 }, "model": "hats:item/beret" },
    { "predicate": { "custom_model_data": 4 }, "model": "hats:item/bird_hat" },
    { "predicate": { "custom_model_data": 5 }, "model": "hats:item/birthday_hat" },
    { "predicate": { "custom_model_data": 6 }, "model": "hats:item/blahaj_hat" },
    { "predicate": { "custom_model_data": 7 }, "model": "hats:item/book_hat" },
    { "predicate": { "custom_model_data": 8 }, "model": "hats:item/bowler_hat" },
    { "predicate": { "custom_model_data": 9 }, "model": "hats:item/bucket_helmet" },
    { "predicate": { "custom_model_data": 10 }, "model": "hats:item/bunny_ears" },
    { "predicate": { "custom_model_data": 11 }, "model": "hats:item/carnival_mask" },
    { "predicate": { "custom_model_data": 12 }, "model": "hats:item/cat_hat" },
    { "predicate": { "custom_model_data": 13 }, "model": "hats:item/chad_mask" },
    { "predicate": { "custom_model_data": 14 }, "model": "hats:item/chaplet" },
    { "predicate": { "custom_model_data": 15 }, "model": "hats:item/chef_hat" },
    { "predicate": { "custom_model_data": 16 }, "model": "hats:item/clown_mask" },
    { "predicate": { "custom_model_data": 17 }, "model": "hats:item/cone_helmet" },
    { "predicate": { "custom_model_data": 18 }, "model": "hats:item/cowboy_hat" },
    { "predicate": { "custom_model_data": 19 }, "model": "hats:item/crown" },
    { "predicate": { "custom_model_data": 20 }, "model": "hats:item/devil_mask" },
    { "predicate": { "custom_model_data": 21 }, "model": "hats:item/diadem" },
    { "predicate": { "custom_model_data": 22 }, "model": "hats:item/fish_hat" },
    { "predicate": { "custom_model_data": 23 }, "model": "hats:item/frog_hat" },
    { "predicate": { "custom_model_data": 24 }, "model": "hats:item/gronglet_hat" },
    { "predicate": { "custom_model_data": 25 }, "model": "hats:item/halo" },
    { "predicate": { "custom_model_data": 26 }, "model": "hats:item/hay_hat" },
    { "predicate": { "custom_model_data": 27 }, "model": "hats:item/hood" },
    { "predicate": { "custom_model_data": 28 }, "model": "hats:item/horns" },
    { "predicate": { "custom_model_data": 29 }, "model": "hats:item/kitsune_mask" },
    { "predicate": { "custom_model_data": 30 }, "model": "hats:item/magician_hat" },
    { "predicate": { "custom_model_data": 31 }, "model": "hats:item/mimic_hat" },
    { "predicate": { "custom_model_data": 32 }, "model": "hats:item/mummy_bandage" },
    { "predicate": { "custom_model_data": 33 }, "model": "hats:item/pilot_helmet" },
    { "predicate": { "custom_model_data": 34 }, "model": "hats:item/propeller_hat" },
    { "predicate": { "custom_model_data": 35 }, "model": "hats:item/santa_hat" },
    { "predicate": { "custom_model_data": 36 }, "model": "hats:item/seal_hat" },
    { "predicate": { "custom_model_data": 37 }, "model": "hats:item/slime_hat" },
    { "predicate": { "custom_model_data": 38 }, "model": "hats:item/solider_helmet" },
    { "predicate": { "custom_model_data": 39 }, "model": "hats:item/sombrero" },
    { "predicate": { "custom_model_data": 40 }, "model": "hats:item/sunglasses" },
    { "predicate": { "custom_model_data": 41 }, "model": "hats:item/tophat" },
    { "predicate": { "custom_model_data": 42 }, "model": "hats:item/turtle_hat" },
    { "predicate": { "custom_model_data": 43 }, "model": "hats:item/tv_helmet" },
    { "predicate": { "custom_model_data": 44 }, "model": "hats:item/ufo_hat" },
    { "predicate": { "custom_model_data": 45 }, "model": "hats:item/viking_helmet" },
    { "predicate": { "custom_model_data": 46 }, "model": "hats:item/warden_tendrils" },
    { "predicate": { "custom_model_data": 47 }, "model": "hats:item/witch_hat" },
    { "predicate": { "custom_model_data": 48 }, "model": "hats:item/wizard_hat" },
    { "predicate": { "custom_model_data": 49 }, "model": "hats:item/yippee_hat" },
    { "predicate": { "custom_model_data": 50 }, "model": "hats:item/gibus" }
  ]
}

